-- /************************************************
-- SCRIPT PARA LLENAR TABLAS PARAMETRICAS - FIVI3
-- Daniel Mauricio Díaz Forero
-- Noviembre 15 2013
-- ************************************************/

USE dimpe_fivi3;

-- Desactivar la integridad referencial
   SET FOREIGN_KEY_CHECKS=0;

-- TABLA: fivi_param_tipoperiodo;
-- Contiene los tipos de periodo en los que puede diligenciar datos una fuente
TRUNCATE TABLE fivi_param_tipoperiodo;
INSERT INTO fivi_param_tipoperiodo (cod_tipoper, nom_tipoper) VALUES (1,'Anual');
INSERT INTO fivi_param_tipoperiodo (cod_tipoper, nom_tipoper) VALUES (2,'Semestral');
INSERT INTO fivi_param_tipoperiodo (cod_tipoper, nom_tipoper) VALUES (3,'Trimestral');
INSERT INTO fivi_param_tipoperiodo (cod_tipoper, nom_tipoper) VALUES (4,'Mensual');

-- TABLA: fivi_param_super;
-- Contiene los tipos de superintendencia en los que puede estar una fuente
TRUNCATE TABLE fivi_param_super;
INSERT INTO fivi_param_super (cod_super, nom_super) VALUES (1,'Superintendencia Financiera');
INSERT INTO fivi_param_super (cod_super, nom_super) VALUES (2,'Superintendencia de Economía Solidaria');
INSERT INTO fivi_param_super (cod_super, nom_super) VALUES (3,'Superintendencia de Subsidio Familiar');
INSERT INTO fivi_param_super (cod_super, nom_super) VALUES (9,'Reporte Directo');

-- TABLA: tabla fivi_param_tipoent;
-- Contiene los tipos de entidades en los que puede estar una fuente
TRUNCATE TABLE fivi_param_tipoent;
INSERT INTO fivi_param_tipoent (cod_super, cod_tipoent, nom_tipoent) VALUES (1,1,'Establecimientos Bancarios');
INSERT INTO fivi_param_tipoent (cod_super, cod_tipoent, nom_tipoent) VALUES (1,4,'Compañias de Financiamiento');
INSERT INTO fivi_param_tipoent (cod_super, cod_tipoent, nom_tipoent) VALUES (1,8,'Organismos Cooperativos de Grado Superior');
INSERT INTO fivi_param_tipoent (cod_super, cod_tipoent, nom_tipoent) VALUES (1,22,'Instituciones Oficiales Especiales');
INSERT INTO fivi_param_tipoent (cod_super, cod_tipoent, nom_tipoent) VALUES (1,32,'Entidades Cooperativas de Carácter Financiero');
INSERT INTO fivi_param_tipoent (cod_super, cod_tipoent, nom_tipoent) VALUES (2,1,'Cooperativas Especializadas de Ahorro y Vivienda');
INSERT INTO fivi_param_tipoent (cod_super, cod_tipoent, nom_tipoent) VALUES (2,2,'Multiactivas Con Sección de Ahorro y Crédito');
INSERT INTO fivi_param_tipoent (cod_super, cod_tipoent, nom_tipoent) VALUES (2,3,'Cooperativas Especializadas Diferentes a las de Ahorro y Crédito');
INSERT INTO fivi_param_tipoent (cod_super, cod_tipoent, nom_tipoent) VALUES (2,4,'Multiactivas Sin Sección de Ahorro y Crédito');
INSERT INTO fivi_param_tipoent (cod_super, cod_tipoent, nom_tipoent) VALUES (2,6,'Organismos de Segundo Grado');
INSERT INTO fivi_param_tipoent (cod_super, cod_tipoent, nom_tipoent) VALUES (2,7,'Organismos de Tercer Grado');
INSERT INTO fivi_param_tipoent (cod_super, cod_tipoent, nom_tipoent) VALUES (2,8,'Fondos de Empleados');
INSERT INTO fivi_param_tipoent (cod_super, cod_tipoent, nom_tipoent) VALUES (2,9,'Asociaciones Mutuales');
INSERT INTO fivi_param_tipoent (cod_super, cod_tipoent, nom_tipoent) VALUES (2,10,'Aportes y Crédito');
INSERT INTO fivi_param_tipoent (cod_super, cod_tipoent, nom_tipoent) VALUES (2,11,'Cooperativa de Trabajo Asociado');
INSERT INTO fivi_param_tipoent (cod_super, cod_tipoent, nom_tipoent) VALUES (2,12,'Cooperativa Integral Con Sección de Ahorro y Crédito');
INSERT INTO fivi_param_tipoent (cod_super, cod_tipoent, nom_tipoent) VALUES (2,13,'Cooperativa Integral Sin Sección de Ahorro y Crédito');
INSERT INTO fivi_param_tipoent (cod_super, cod_tipoent, nom_tipoent) VALUES (2,15,'Precooperativas');
INSERT INTO fivi_param_tipoent (cod_super, cod_tipoent, nom_tipoent) VALUES (3,1,'Cajas de Compensación Familiar');
INSERT INTO fivi_param_tipoent (cod_super, cod_tipoent, nom_tipoent) VALUES (9,1,'Caja Promotora de Vivienda Militar y de Policía');
INSERT INTO fivi_param_tipoent (cod_super, cod_tipoent, nom_tipoent) VALUES (9,2,'Fondo Nacional de Vivienda');

-- TABLA: tabla fivi_param_tipovivienda;
-- Contiene los tipos de vivienda de los formularios FIVI, SFV y LEASING
TRUNCATE TABLE fivi_param_tipovivienda;
INSERT INTO fivi_param_tipovivienda (cod_tipoviv, nom_tipoviv) VALUES (1,'Nueva');
INSERT INTO fivi_param_tipovivienda (cod_tipoviv, nom_tipoviv) VALUES (2,'Usada');

-- TABLA: tabla fivi_param_catnovis;
-- Contiene los tipos de categorias no vis de los formularios SFV
TRUNCATE TABLE fivi_param_catnovis;
INSERT INTO fivi_param_catnovis (cod_catnovis, nom_catnovis) VALUES (1,'Oficial');
INSERT INTO fivi_param_catnovis (cod_catnovis, nom_catnovis) VALUES (2,'Suboficial');
INSERT INTO fivi_param_catnovis (cod_catnovis, nom_catnovis) VALUES (3,'Agente');
INSERT INTO fivi_param_catnovis (cod_catnovis, nom_catnovis) VALUES (4,'Soldado');

-- TABLA: tabla fivi_param_deptos;
-- Contiene el listado de departamentos divipola
TRUNCATE TABLE fivi_param_deptos;
INSERT INTO fivi_param_deptos(cod_depto, nom_depto) VALUES (5,'Antioquia');
INSERT INTO fivi_param_deptos(cod_depto, nom_depto) VALUES (8,'Atlantico');
INSERT INTO fivi_param_deptos(cod_depto, nom_depto) VALUES (11,'Bogota D.C.');
INSERT INTO fivi_param_deptos(cod_depto, nom_depto) VALUES (13,'Bolivar');
INSERT INTO fivi_param_deptos(cod_depto, nom_depto) VALUES (15,'Boyaca');
INSERT INTO fivi_param_deptos(cod_depto, nom_depto) VALUES (17,'Caldas');
INSERT INTO fivi_param_deptos(cod_depto, nom_depto) VALUES (18,'Caqueta');
INSERT INTO fivi_param_deptos(cod_depto, nom_depto) VALUES (19,'Cauca');
INSERT INTO fivi_param_deptos(cod_depto, nom_depto) VALUES (20,'Cesar');
INSERT INTO fivi_param_deptos(cod_depto, nom_depto) VALUES (23,'Cordoba');
INSERT INTO fivi_param_deptos(cod_depto, nom_depto) VALUES (25,'Cundinamarca');
INSERT INTO fivi_param_deptos(cod_depto, nom_depto) VALUES (27,'Choco');
INSERT INTO fivi_param_deptos(cod_depto, nom_depto) VALUES (41,'Huila');
INSERT INTO fivi_param_deptos(cod_depto, nom_depto) VALUES (44,'Guajira');
INSERT INTO fivi_param_deptos(cod_depto, nom_depto) VALUES (47,'Magdalena');
INSERT INTO fivi_param_deptos(cod_depto, nom_depto) VALUES (50,'Meta');
INSERT INTO fivi_param_deptos(cod_depto, nom_depto) VALUES (52,'Nariño');
INSERT INTO fivi_param_deptos(cod_depto, nom_depto) VALUES (54,'Norte de Santander');
INSERT INTO fivi_param_deptos(cod_depto, nom_depto) VALUES (63,'Quindio');
INSERT INTO fivi_param_deptos(cod_depto, nom_depto) VALUES (66,'Risaralda');
INSERT INTO fivi_param_deptos(cod_depto, nom_depto) VALUES (68,'Santander');
INSERT INTO fivi_param_deptos(cod_depto, nom_depto) VALUES (70,'Sucre');
INSERT INTO fivi_param_deptos(cod_depto, nom_depto) VALUES (73,'Tolima');
INSERT INTO fivi_param_deptos(cod_depto, nom_depto) VALUES (76,'Valle del Cauca');
INSERT INTO fivi_param_deptos(cod_depto, nom_depto) VALUES (81,'Arauca');
INSERT INTO fivi_param_deptos(cod_depto, nom_depto) VALUES (85,'Casanare');
INSERT INTO fivi_param_deptos(cod_depto, nom_depto) VALUES (86,'Putumayo');
INSERT INTO fivi_param_deptos(cod_depto, nom_depto) VALUES (88,'San Andres y Providencia');
INSERT INTO fivi_param_deptos(cod_depto, nom_depto) VALUES (91,'Amazonas');
INSERT INTO fivi_param_deptos(cod_depto, nom_depto) VALUES (94,'Guainia');
INSERT INTO fivi_param_deptos(cod_depto, nom_depto) VALUES (95,'Guaviare');
INSERT INTO fivi_param_deptos(cod_depto, nom_depto) VALUES (97,'Vaupes');
INSERT INTO fivi_param_deptos(cod_depto, nom_depto) VALUES (99,'Vichada');

-- TABLA: tabla fivi_param_mpios;
-- Contiene el listado de municipios divipola
TRUNCATE TABLE fivi_param_mpios;
INSERT INTO fivi_param_mpios(cod_mpio, nom_mpio, cod_depto) VALUES (5001,'MEDELLÍN',5);
INSERT INTO fivi_param_mpios(cod_mpio, nom_mpio, cod_depto) VALUES (5002,'ABEJORRAL',5);
INSERT INTO fivi_param_mpios(cod_mpio, nom_mpio, cod_depto) VALUES (5004,'ABRIAQUÍ',5);
INSERT INTO fivi_param_mpios(cod_mpio, nom_mpio, cod_depto) VALUES (5021,'ALEJANDRÍA',5);
INSERT INTO fivi_param_mpios(cod_mpio, nom_mpio, cod_depto) VALUES (5030,'AMAGÁ',5);
INSERT INTO fivi_param_mpios(cod_mpio, nom_mpio, cod_depto) VALUES (5031,'AMALFI',5);
INSERT INTO fivi_param_mpios(cod_mpio, nom_mpio, cod_depto) VALUES (5034,'ANDES',5);
INSERT INTO fivi_param_mpios(cod_mpio, nom_mpio, cod_depto) VALUES (5036,'ANGELÓPOLIS',5);
INSERT INTO fivi_param_mpios(cod_mpio, nom_mpio, cod_depto) VALUES (5038,'ANGOSTURA',5);
INSERT INTO fivi_param_mpios(cod_mpio, nom_mpio, cod_depto) VALUES (5040,'ANORÍ',5);
INSERT INTO fivi_param_mpios(cod_mpio, nom_mpio, cod_depto) VALUES (5042,'SANTAFÉ DE ANTIOQUIA',5);
INSERT INTO fivi_param_mpios(cod_mpio, nom_mpio, cod_depto) VALUES (5044,'ANZA',5);
INSERT INTO fivi_param_mpios(cod_mpio, nom_mpio, cod_depto) VALUES (5045,'APARTADÓ',5);
INSERT INTO fivi_param_mpios(cod_mpio, nom_mpio, cod_depto) VALUES (5051,'ARBOLETES',5);
INSERT INTO fivi_param_mpios(cod_mpio, nom_mpio, cod_depto) VALUES (5055,'ARGELIA',5);
INSERT INTO fivi_param_mpios(cod_mpio, nom_mpio, cod_depto) VALUES (5059,'ARMENIA',5);
INSERT INTO fivi_param_mpios(cod_mpio, nom_mpio, cod_depto) VALUES (5079,'BARBOSA',5);
INSERT INTO fivi_param_mpios(cod_mpio, nom_mpio, cod_depto) VALUES (5086,'BELMIRA',5);
INSERT INTO fivi_param_mpios(cod_mpio, nom_mpio, cod_depto) VALUES (5088,'BELLO',5);
INSERT INTO fivi_param_mpios(cod_mpio, nom_mpio, cod_depto) VALUES (5091,'BETANIA',5);
INSERT INTO fivi_param_mpios(cod_mpio, nom_mpio, cod_depto) VALUES (5093,'BETULIA',5);
INSERT INTO fivi_param_mpios(cod_mpio, nom_mpio, cod_depto) VALUES (5101,'CIUDAD BOLÍVAR',5);
INSERT INTO fivi_param_mpios(cod_mpio, nom_mpio, cod_depto) VALUES (5107,'BRICEÑO',5);
INSERT INTO fivi_param_mpios(cod_mpio, nom_mpio, cod_depto) VALUES (5113,'BURITICÁ',5);
INSERT INTO fivi_param_mpios(cod_mpio, nom_mpio, cod_depto) VALUES (5120,'CÁCERES',5);
INSERT INTO fivi_param_mpios(cod_mpio, nom_mpio, cod_depto) VALUES (5125,'CAICEDO',5);
INSERT INTO fivi_param_mpios(cod_mpio, nom_mpio, cod_depto) VALUES (5129,'CALDAS',5);
INSERT INTO fivi_param_mpios(cod_mpio, nom_mpio, cod_depto) VALUES (5134,'CAMPAMENTO',5);
INSERT INTO fivi_param_mpios(cod_mpio, nom_mpio, cod_depto) VALUES (5138,'CAÑASGORDAS',5);
INSERT INTO fivi_param_mpios(cod_mpio, nom_mpio, cod_depto) VALUES (5142,'CARACOLÍ',5);
INSERT INTO fivi_param_mpios(cod_mpio, nom_mpio, cod_depto) VALUES (5145,'CARAMANTA',5);
INSERT INTO fivi_param_mpios(cod_mpio, nom_mpio, cod_depto) VALUES (5147,'CAREPA',5);
INSERT INTO fivi_param_mpios(cod_mpio, nom_mpio, cod_depto) VALUES (5148,'EL CARMEN DE VIBORAL',5);
INSERT INTO fivi_param_mpios(cod_mpio, nom_mpio, cod_depto) VALUES (5150,'CAROLINA',5);
INSERT INTO fivi_param_mpios(cod_mpio, nom_mpio, cod_depto) VALUES (5154,'CAUCASIA',5);
INSERT INTO fivi_param_mpios(cod_mpio, nom_mpio, cod_depto) VALUES (5172,'CHIGORODÓ',5);
INSERT INTO fivi_param_mpios(cod_mpio, nom_mpio, cod_depto) VALUES (5190,'CISNEROS',5);
INSERT INTO fivi_param_mpios(cod_mpio, nom_mpio, cod_depto) VALUES (5197,'COCORNÁ',5);
INSERT INTO fivi_param_mpios(cod_mpio, nom_mpio, cod_depto) VALUES (5206,'CONCEPCIÓN',5);
INSERT INTO fivi_param_mpios(cod_mpio, nom_mpio, cod_depto) VALUES (5209,'CONCORDIA',5);
INSERT INTO fivi_param_mpios(cod_mpio, nom_mpio, cod_depto) VALUES (5212,'COPACABANA',5);
INSERT INTO fivi_param_mpios(cod_mpio, nom_mpio, cod_depto) VALUES (5234,'DABEIBA',5);
INSERT INTO fivi_param_mpios(cod_mpio, nom_mpio, cod_depto) VALUES (5237,'DONMATÍAS',5);
INSERT INTO fivi_param_mpios(cod_mpio, nom_mpio, cod_depto) VALUES (5240,'EBÉJICO',5);
INSERT INTO fivi_param_mpios(cod_mpio, nom_mpio, cod_depto) VALUES (5250,'EL BAGRE',5);
INSERT INTO fivi_param_mpios(cod_mpio, nom_mpio, cod_depto) VALUES (5264,'ENTRERRIOS',5);
INSERT INTO fivi_param_mpios(cod_mpio, nom_mpio, cod_depto) VALUES (5266,'ENVIGADO',5);
INSERT INTO fivi_param_mpios(cod_mpio, nom_mpio, cod_depto) VALUES (5282,'FREDONIA',5);
INSERT INTO fivi_param_mpios(cod_mpio, nom_mpio, cod_depto) VALUES (5284,'FRONTINO',5);
INSERT INTO fivi_param_mpios(cod_mpio, nom_mpio, cod_depto) VALUES (5306,'GIRALDO',5);
INSERT INTO fivi_param_mpios(cod_mpio, nom_mpio, cod_depto) VALUES (5308,'GIRARDOTA',5);
INSERT INTO fivi_param_mpios(cod_mpio, nom_mpio, cod_depto) VALUES (5310,'GÓMEZ PLATA',5);
INSERT INTO fivi_param_mpios(cod_mpio, nom_mpio, cod_depto) VALUES (5313,'GRANADA',5);
INSERT INTO fivi_param_mpios(cod_mpio, nom_mpio, cod_depto) VALUES (5315,'GUADALUPE',5);
INSERT INTO fivi_param_mpios(cod_mpio, nom_mpio, cod_depto) VALUES (5318,'GUARNE',5);
INSERT INTO fivi_param_mpios(cod_mpio, nom_mpio, cod_depto) VALUES (5321,'GUATAPE',5);
INSERT INTO fivi_param_mpios(cod_mpio, nom_mpio, cod_depto) VALUES (5347,'HELICONIA',5);
INSERT INTO fivi_param_mpios(cod_mpio, nom_mpio, cod_depto) VALUES (5353,'HISPANIA',5);
INSERT INTO fivi_param_mpios(cod_mpio, nom_mpio, cod_depto) VALUES (5360,'ITAGUI',5);
INSERT INTO fivi_param_mpios(cod_mpio, nom_mpio, cod_depto) VALUES (5361,'ITUANGO',5);
INSERT INTO fivi_param_mpios(cod_mpio, nom_mpio, cod_depto) VALUES (5364,'JARDÍN',5);
INSERT INTO fivi_param_mpios(cod_mpio, nom_mpio, cod_depto) VALUES (5368,'JERICÓ',5);
INSERT INTO fivi_param_mpios(cod_mpio, nom_mpio, cod_depto) VALUES (5376,'LA CEJA',5);
INSERT INTO fivi_param_mpios(cod_mpio, nom_mpio, cod_depto) VALUES (5380,'LA ESTRELLA',5);
INSERT INTO fivi_param_mpios(cod_mpio, nom_mpio, cod_depto) VALUES (5390,'LA PINTADA',5);
INSERT INTO fivi_param_mpios(cod_mpio, nom_mpio, cod_depto) VALUES (5400,'LA UNIÓN',5);
INSERT INTO fivi_param_mpios(cod_mpio, nom_mpio, cod_depto) VALUES (5411,'LIBORINA',5);
INSERT INTO fivi_param_mpios(cod_mpio, nom_mpio, cod_depto) VALUES (5425,'MACEO',5);
INSERT INTO fivi_param_mpios(cod_mpio, nom_mpio, cod_depto) VALUES (5440,'MARINILLA',5);
INSERT INTO fivi_param_mpios(cod_mpio, nom_mpio, cod_depto) VALUES (5467,'MONTEBELLO',5);
INSERT INTO fivi_param_mpios(cod_mpio, nom_mpio, cod_depto) VALUES (5475,'MURINDÓ',5);
INSERT INTO fivi_param_mpios(cod_mpio, nom_mpio, cod_depto) VALUES (5480,'MUTATÁ',5);
INSERT INTO fivi_param_mpios(cod_mpio, nom_mpio, cod_depto) VALUES (5483,'NARIÑO',5);
INSERT INTO fivi_param_mpios(cod_mpio, nom_mpio, cod_depto) VALUES (5490,'NECOCLÍ',5);
INSERT INTO fivi_param_mpios(cod_mpio, nom_mpio, cod_depto) VALUES (5495,'NECHÍ',5);
INSERT INTO fivi_param_mpios(cod_mpio, nom_mpio, cod_depto) VALUES (5501,'OLAYA',5);
INSERT INTO fivi_param_mpios(cod_mpio, nom_mpio, cod_depto) VALUES (5541,'PEÑOL',5);
INSERT INTO fivi_param_mpios(cod_mpio, nom_mpio, cod_depto) VALUES (5543,'PEQUE',5);
INSERT INTO fivi_param_mpios(cod_mpio, nom_mpio, cod_depto) VALUES (5576,'PUEBLORRICO',5);
INSERT INTO fivi_param_mpios(cod_mpio, nom_mpio, cod_depto) VALUES (5579,'PUERTO BERRÍO',5);
INSERT INTO fivi_param_mpios(cod_mpio, nom_mpio, cod_depto) VALUES (5585,'PUERTO NARE',5);
INSERT INTO fivi_param_mpios(cod_mpio, nom_mpio, cod_depto) VALUES (5591,'PUERTO TRIUNFO',5);
INSERT INTO fivi_param_mpios(cod_mpio, nom_mpio, cod_depto) VALUES (5604,'REMEDIOS',5);
INSERT INTO fivi_param_mpios(cod_mpio, nom_mpio, cod_depto) VALUES (5607,'RETIRO',5);
INSERT INTO fivi_param_mpios(cod_mpio, nom_mpio, cod_depto) VALUES (5615,'RIONEGRO',5);
INSERT INTO fivi_param_mpios(cod_mpio, nom_mpio, cod_depto) VALUES (5628,'SABANALARGA',5);
INSERT INTO fivi_param_mpios(cod_mpio, nom_mpio, cod_depto) VALUES (5631,'SABANETA',5);
INSERT INTO fivi_param_mpios(cod_mpio, nom_mpio, cod_depto) VALUES (5642,'SALGAR',5);
INSERT INTO fivi_param_mpios(cod_mpio, nom_mpio, cod_depto) VALUES (5647,'SAN ANDRÉS DE CUERQUÍA',5);
INSERT INTO fivi_param_mpios(cod_mpio, nom_mpio, cod_depto) VALUES (5649,'SAN CARLOS',5);
INSERT INTO fivi_param_mpios(cod_mpio, nom_mpio, cod_depto) VALUES (5652,'SAN FRANCISCO',5);
INSERT INTO fivi_param_mpios(cod_mpio, nom_mpio, cod_depto) VALUES (5656,'SAN JERÓNIMO',5);
INSERT INTO fivi_param_mpios(cod_mpio, nom_mpio, cod_depto) VALUES (5658,'SAN JOSÉ DE LA MONTAÑA',5);
INSERT INTO fivi_param_mpios(cod_mpio, nom_mpio, cod_depto) VALUES (5659,'SAN JUAN DE URABÁ',5);
INSERT INTO fivi_param_mpios(cod_mpio, nom_mpio, cod_depto) VALUES (5660,'SAN LUIS',5);
INSERT INTO fivi_param_mpios(cod_mpio, nom_mpio, cod_depto) VALUES (5664,'SAN PEDRO DE LOS MILAGROS',5);
INSERT INTO fivi_param_mpios(cod_mpio, nom_mpio, cod_depto) VALUES (5665,'SAN PEDRO DE URABA',5);
INSERT INTO fivi_param_mpios(cod_mpio, nom_mpio, cod_depto) VALUES (5667,'SAN RAFAEL',5);
INSERT INTO fivi_param_mpios(cod_mpio, nom_mpio, cod_depto) VALUES (5670,'SAN ROQUE',5);
INSERT INTO fivi_param_mpios(cod_mpio, nom_mpio, cod_depto) VALUES (5674,'SAN VICENTE',5);
INSERT INTO fivi_param_mpios(cod_mpio, nom_mpio, cod_depto) VALUES (5679,'SANTA BÁRBARA',5);
INSERT INTO fivi_param_mpios(cod_mpio, nom_mpio, cod_depto) VALUES (5686,'SANTA ROSA DE OSOS',5);
INSERT INTO fivi_param_mpios(cod_mpio, nom_mpio, cod_depto) VALUES (5690,'SANTO DOMINGO',5);
INSERT INTO fivi_param_mpios(cod_mpio, nom_mpio, cod_depto) VALUES (5697,'EL SANTUARIO',5);
INSERT INTO fivi_param_mpios(cod_mpio, nom_mpio, cod_depto) VALUES (5736,'SEGOVIA',5);
INSERT INTO fivi_param_mpios(cod_mpio, nom_mpio, cod_depto) VALUES (5756,'SONSON',5);
INSERT INTO fivi_param_mpios(cod_mpio, nom_mpio, cod_depto) VALUES (5761,'SOPETRÁN',5);
INSERT INTO fivi_param_mpios(cod_mpio, nom_mpio, cod_depto) VALUES (5789,'TÁMESIS',5);
INSERT INTO fivi_param_mpios(cod_mpio, nom_mpio, cod_depto) VALUES (5790,'TARAZÁ',5);
INSERT INTO fivi_param_mpios(cod_mpio, nom_mpio, cod_depto) VALUES (5792,'TARSO',5);
INSERT INTO fivi_param_mpios(cod_mpio, nom_mpio, cod_depto) VALUES (5809,'TITIRIBÍ',5);
INSERT INTO fivi_param_mpios(cod_mpio, nom_mpio, cod_depto) VALUES (5819,'TOLEDO',5);
INSERT INTO fivi_param_mpios(cod_mpio, nom_mpio, cod_depto) VALUES (5837,'TURBO',5);
INSERT INTO fivi_param_mpios(cod_mpio, nom_mpio, cod_depto) VALUES (5842,'URAMITA',5);
INSERT INTO fivi_param_mpios(cod_mpio, nom_mpio, cod_depto) VALUES (5847,'URRAO',5);
INSERT INTO fivi_param_mpios(cod_mpio, nom_mpio, cod_depto) VALUES (5854,'VALDIVIA',5);
INSERT INTO fivi_param_mpios(cod_mpio, nom_mpio, cod_depto) VALUES (5856,'VALPARAÍSO',5);
INSERT INTO fivi_param_mpios(cod_mpio, nom_mpio, cod_depto) VALUES (5858,'VEGACHÍ',5);
INSERT INTO fivi_param_mpios(cod_mpio, nom_mpio, cod_depto) VALUES (5861,'VENECIA',5);
INSERT INTO fivi_param_mpios(cod_mpio, nom_mpio, cod_depto) VALUES (5873,'VIGÍA DEL FUERTE',5);
INSERT INTO fivi_param_mpios(cod_mpio, nom_mpio, cod_depto) VALUES (5885,'YALÍ',5);
INSERT INTO fivi_param_mpios(cod_mpio, nom_mpio, cod_depto) VALUES (5887,'YARUMAL',5);
INSERT INTO fivi_param_mpios(cod_mpio, nom_mpio, cod_depto) VALUES (5890,'YOLOMBÓ',5);
INSERT INTO fivi_param_mpios(cod_mpio, nom_mpio, cod_depto) VALUES (5893,'YONDÓ',5);
INSERT INTO fivi_param_mpios(cod_mpio, nom_mpio, cod_depto) VALUES (5895,'ZARAGOZA',5);
INSERT INTO fivi_param_mpios(cod_mpio, nom_mpio, cod_depto) VALUES (8001,'BARRANQUILLA',8);
INSERT INTO fivi_param_mpios(cod_mpio, nom_mpio, cod_depto) VALUES (8078,'BARANOA',8);
INSERT INTO fivi_param_mpios(cod_mpio, nom_mpio, cod_depto) VALUES (8137,'CAMPO DE LA CRUZ',8);
INSERT INTO fivi_param_mpios(cod_mpio, nom_mpio, cod_depto) VALUES (8141,'CANDELARIA',8);
INSERT INTO fivi_param_mpios(cod_mpio, nom_mpio, cod_depto) VALUES (8296,'GALAPA',8);
INSERT INTO fivi_param_mpios(cod_mpio, nom_mpio, cod_depto) VALUES (8372,'JUAN DE ACOSTA',8);
INSERT INTO fivi_param_mpios(cod_mpio, nom_mpio, cod_depto) VALUES (8421,'LURUACO',8);
INSERT INTO fivi_param_mpios(cod_mpio, nom_mpio, cod_depto) VALUES (8433,'MALAMBO',8);
INSERT INTO fivi_param_mpios(cod_mpio, nom_mpio, cod_depto) VALUES (8436,'MANATÍ',8);
INSERT INTO fivi_param_mpios(cod_mpio, nom_mpio, cod_depto) VALUES (8520,'PALMAR DE VARELA',8);
INSERT INTO fivi_param_mpios(cod_mpio, nom_mpio, cod_depto) VALUES (8549,'PIOJÓ',8);
INSERT INTO fivi_param_mpios(cod_mpio, nom_mpio, cod_depto) VALUES (8558,'POLONUEVO',8);
INSERT INTO fivi_param_mpios(cod_mpio, nom_mpio, cod_depto) VALUES (8560,'PONEDERA',8);
INSERT INTO fivi_param_mpios(cod_mpio, nom_mpio, cod_depto) VALUES (8573,'PUERTO COLOMBIA',8);
INSERT INTO fivi_param_mpios(cod_mpio, nom_mpio, cod_depto) VALUES (8606,'REPELÓN',8);
INSERT INTO fivi_param_mpios(cod_mpio, nom_mpio, cod_depto) VALUES (8634,'SABANAGRANDE',8);
INSERT INTO fivi_param_mpios(cod_mpio, nom_mpio, cod_depto) VALUES (8638,'SABANALARGA',8);
INSERT INTO fivi_param_mpios(cod_mpio, nom_mpio, cod_depto) VALUES (8675,'SANTA LUCÍA',8);
INSERT INTO fivi_param_mpios(cod_mpio, nom_mpio, cod_depto) VALUES (8685,'SANTO TOMÁS',8);
INSERT INTO fivi_param_mpios(cod_mpio, nom_mpio, cod_depto) VALUES (8758,'SOLEDAD',8);
INSERT INTO fivi_param_mpios(cod_mpio, nom_mpio, cod_depto) VALUES (8770,'SUAN',8);
INSERT INTO fivi_param_mpios(cod_mpio, nom_mpio, cod_depto) VALUES (8832,'TUBARÁ',8);
INSERT INTO fivi_param_mpios(cod_mpio, nom_mpio, cod_depto) VALUES (8849,'USIACURÍ',8);
INSERT INTO fivi_param_mpios(cod_mpio, nom_mpio, cod_depto) VALUES (11001,'BOGOTÁ, D.C.',11);
INSERT INTO fivi_param_mpios(cod_mpio, nom_mpio, cod_depto) VALUES (13001,'CARTAGENA',13);
INSERT INTO fivi_param_mpios(cod_mpio, nom_mpio, cod_depto) VALUES (13006,'ACHÍ',13);
INSERT INTO fivi_param_mpios(cod_mpio, nom_mpio, cod_depto) VALUES (13030,'ALTOS DEL ROSARIO',13);
INSERT INTO fivi_param_mpios(cod_mpio, nom_mpio, cod_depto) VALUES (13042,'ARENAL',13);
INSERT INTO fivi_param_mpios(cod_mpio, nom_mpio, cod_depto) VALUES (13052,'ARJONA',13);
INSERT INTO fivi_param_mpios(cod_mpio, nom_mpio, cod_depto) VALUES (13062,'ARROYOHONDO',13);
INSERT INTO fivi_param_mpios(cod_mpio, nom_mpio, cod_depto) VALUES (13074,'BARRANCO DE LOBA',13);
INSERT INTO fivi_param_mpios(cod_mpio, nom_mpio, cod_depto) VALUES (13140,'CALAMAR',13);
INSERT INTO fivi_param_mpios(cod_mpio, nom_mpio, cod_depto) VALUES (13160,'CANTAGALLO',13);
INSERT INTO fivi_param_mpios(cod_mpio, nom_mpio, cod_depto) VALUES (13188,'CICUCO',13);
INSERT INTO fivi_param_mpios(cod_mpio, nom_mpio, cod_depto) VALUES (13212,'CÓRDOBA',13);
INSERT INTO fivi_param_mpios(cod_mpio, nom_mpio, cod_depto) VALUES (13222,'CLEMENCIA',13);
INSERT INTO fivi_param_mpios(cod_mpio, nom_mpio, cod_depto) VALUES (13244,'EL CARMEN DE BOLÍVAR',13);
INSERT INTO fivi_param_mpios(cod_mpio, nom_mpio, cod_depto) VALUES (13248,'EL GUAMO',13);
INSERT INTO fivi_param_mpios(cod_mpio, nom_mpio, cod_depto) VALUES (13268,'EL PEÑÓN',13);
INSERT INTO fivi_param_mpios(cod_mpio, nom_mpio, cod_depto) VALUES (13300,'HATILLO DE LOBA',13);
INSERT INTO fivi_param_mpios(cod_mpio, nom_mpio, cod_depto) VALUES (13430,'MAGANGUÉ',13);
INSERT INTO fivi_param_mpios(cod_mpio, nom_mpio, cod_depto) VALUES (13433,'MAHATES',13);
INSERT INTO fivi_param_mpios(cod_mpio, nom_mpio, cod_depto) VALUES (13440,'MARGARITA',13);
INSERT INTO fivi_param_mpios(cod_mpio, nom_mpio, cod_depto) VALUES (13442,'MARÍA LA BAJA',13);
INSERT INTO fivi_param_mpios(cod_mpio, nom_mpio, cod_depto) VALUES (13458,'MONTECRISTO',13);
INSERT INTO fivi_param_mpios(cod_mpio, nom_mpio, cod_depto) VALUES (13468,'MOMPÓS',13);
INSERT INTO fivi_param_mpios(cod_mpio, nom_mpio, cod_depto) VALUES (13473,'MORALES',13);
INSERT INTO fivi_param_mpios(cod_mpio, nom_mpio, cod_depto) VALUES (13490,'NOROSÍ',13);
INSERT INTO fivi_param_mpios(cod_mpio, nom_mpio, cod_depto) VALUES (13549,'PINILLOS',13);
INSERT INTO fivi_param_mpios(cod_mpio, nom_mpio, cod_depto) VALUES (13580,'REGIDOR',13);
INSERT INTO fivi_param_mpios(cod_mpio, nom_mpio, cod_depto) VALUES (13600,'RÍO VIEJO',13);
INSERT INTO fivi_param_mpios(cod_mpio, nom_mpio, cod_depto) VALUES (13620,'SAN CRISTÓBAL',13);
INSERT INTO fivi_param_mpios(cod_mpio, nom_mpio, cod_depto) VALUES (13647,'SAN ESTANISLAO',13);
INSERT INTO fivi_param_mpios(cod_mpio, nom_mpio, cod_depto) VALUES (13650,'SAN FERNANDO',13);
INSERT INTO fivi_param_mpios(cod_mpio, nom_mpio, cod_depto) VALUES (13654,'SAN JACINTO',13);
INSERT INTO fivi_param_mpios(cod_mpio, nom_mpio, cod_depto) VALUES (13655,'SAN JACINTO DEL CAUCA',13);
INSERT INTO fivi_param_mpios(cod_mpio, nom_mpio, cod_depto) VALUES (13657,'SAN JUAN NEPOMUCENO',13);
INSERT INTO fivi_param_mpios(cod_mpio, nom_mpio, cod_depto) VALUES (13667,'SAN MARTÍN DE LOBA',13);
INSERT INTO fivi_param_mpios(cod_mpio, nom_mpio, cod_depto) VALUES (13670,'SAN PABLO',13);
INSERT INTO fivi_param_mpios(cod_mpio, nom_mpio, cod_depto) VALUES (13673,'SANTA CATALINA',13);
INSERT INTO fivi_param_mpios(cod_mpio, nom_mpio, cod_depto) VALUES (13683,'SANTA ROSA',13);
INSERT INTO fivi_param_mpios(cod_mpio, nom_mpio, cod_depto) VALUES (13688,'SANTA ROSA DEL SUR',13);
INSERT INTO fivi_param_mpios(cod_mpio, nom_mpio, cod_depto) VALUES (13744,'SIMITÍ',13);
INSERT INTO fivi_param_mpios(cod_mpio, nom_mpio, cod_depto) VALUES (13760,'SOPLAVIENTO',13);
INSERT INTO fivi_param_mpios(cod_mpio, nom_mpio, cod_depto) VALUES (13780,'TALAIGUA NUEVO',13);
INSERT INTO fivi_param_mpios(cod_mpio, nom_mpio, cod_depto) VALUES (13810,'TIQUISIO',13);
INSERT INTO fivi_param_mpios(cod_mpio, nom_mpio, cod_depto) VALUES (13836,'TURBACO',13);
INSERT INTO fivi_param_mpios(cod_mpio, nom_mpio, cod_depto) VALUES (13838,'TURBANÁ',13);
INSERT INTO fivi_param_mpios(cod_mpio, nom_mpio, cod_depto) VALUES (13873,'VILLANUEVA',13);
INSERT INTO fivi_param_mpios(cod_mpio, nom_mpio, cod_depto) VALUES (13894,'ZAMBRANO',13);
INSERT INTO fivi_param_mpios(cod_mpio, nom_mpio, cod_depto) VALUES (15001,'TUNJA',15);
INSERT INTO fivi_param_mpios(cod_mpio, nom_mpio, cod_depto) VALUES (15022,'ALMEIDA',15);
INSERT INTO fivi_param_mpios(cod_mpio, nom_mpio, cod_depto) VALUES (15047,'AQUITANIA',15);
INSERT INTO fivi_param_mpios(cod_mpio, nom_mpio, cod_depto) VALUES (15051,'ARCABUCO',15);
INSERT INTO fivi_param_mpios(cod_mpio, nom_mpio, cod_depto) VALUES (15087,'BELÉN',15);
INSERT INTO fivi_param_mpios(cod_mpio, nom_mpio, cod_depto) VALUES (15090,'BERBEO',15);
INSERT INTO fivi_param_mpios(cod_mpio, nom_mpio, cod_depto) VALUES (15092,'BETÉITIVA',15);
INSERT INTO fivi_param_mpios(cod_mpio, nom_mpio, cod_depto) VALUES (15097,'BOAVITA',15);
INSERT INTO fivi_param_mpios(cod_mpio, nom_mpio, cod_depto) VALUES (15104,'BOYACÁ',15);
INSERT INTO fivi_param_mpios(cod_mpio, nom_mpio, cod_depto) VALUES (15106,'BRICEÑO',15);
INSERT INTO fivi_param_mpios(cod_mpio, nom_mpio, cod_depto) VALUES (15109,'BUENAVISTA',15);
INSERT INTO fivi_param_mpios(cod_mpio, nom_mpio, cod_depto) VALUES (15114,'BUSBANZÁ',15);
INSERT INTO fivi_param_mpios(cod_mpio, nom_mpio, cod_depto) VALUES (15131,'CALDAS',15);
INSERT INTO fivi_param_mpios(cod_mpio, nom_mpio, cod_depto) VALUES (15135,'CAMPOHERMOSO',15);
INSERT INTO fivi_param_mpios(cod_mpio, nom_mpio, cod_depto) VALUES (15162,'CERINZA',15);
INSERT INTO fivi_param_mpios(cod_mpio, nom_mpio, cod_depto) VALUES (15172,'CHINAVITA',15);
INSERT INTO fivi_param_mpios(cod_mpio, nom_mpio, cod_depto) VALUES (15176,'CHIQUINQUIRÁ',15);
INSERT INTO fivi_param_mpios(cod_mpio, nom_mpio, cod_depto) VALUES (15180,'CHISCAS',15);
INSERT INTO fivi_param_mpios(cod_mpio, nom_mpio, cod_depto) VALUES (15183,'CHITA',15);
INSERT INTO fivi_param_mpios(cod_mpio, nom_mpio, cod_depto) VALUES (15185,'CHITARAQUE',15);
INSERT INTO fivi_param_mpios(cod_mpio, nom_mpio, cod_depto) VALUES (15187,'CHIVATÁ',15);
INSERT INTO fivi_param_mpios(cod_mpio, nom_mpio, cod_depto) VALUES (15189,'CIÉNEGA',15);
INSERT INTO fivi_param_mpios(cod_mpio, nom_mpio, cod_depto) VALUES (15204,'CÓMBITA',15);
INSERT INTO fivi_param_mpios(cod_mpio, nom_mpio, cod_depto) VALUES (15212,'COPER',15);
INSERT INTO fivi_param_mpios(cod_mpio, nom_mpio, cod_depto) VALUES (15215,'CORRALES',15);
INSERT INTO fivi_param_mpios(cod_mpio, nom_mpio, cod_depto) VALUES (15218,'COVARACHÍA',15);
INSERT INTO fivi_param_mpios(cod_mpio, nom_mpio, cod_depto) VALUES (15223,'CUBARÁ',15);
INSERT INTO fivi_param_mpios(cod_mpio, nom_mpio, cod_depto) VALUES (15224,'CUCAITA',15);
INSERT INTO fivi_param_mpios(cod_mpio, nom_mpio, cod_depto) VALUES (15226,'CUÍTIVA',15);
INSERT INTO fivi_param_mpios(cod_mpio, nom_mpio, cod_depto) VALUES (15232,'CHÍQUIZA',15);
INSERT INTO fivi_param_mpios(cod_mpio, nom_mpio, cod_depto) VALUES (15236,'CHIVOR',15);
INSERT INTO fivi_param_mpios(cod_mpio, nom_mpio, cod_depto) VALUES (15238,'DUITAMA',15);
INSERT INTO fivi_param_mpios(cod_mpio, nom_mpio, cod_depto) VALUES (15244,'EL COCUY',15);
INSERT INTO fivi_param_mpios(cod_mpio, nom_mpio, cod_depto) VALUES (15248,'EL ESPINO',15);
INSERT INTO fivi_param_mpios(cod_mpio, nom_mpio, cod_depto) VALUES (15272,'FIRAVITOBA',15);
INSERT INTO fivi_param_mpios(cod_mpio, nom_mpio, cod_depto) VALUES (15276,'FLORESTA',15);
INSERT INTO fivi_param_mpios(cod_mpio, nom_mpio, cod_depto) VALUES (15293,'GACHANTIVÁ',15);
INSERT INTO fivi_param_mpios(cod_mpio, nom_mpio, cod_depto) VALUES (15296,'GAMEZA',15);
INSERT INTO fivi_param_mpios(cod_mpio, nom_mpio, cod_depto) VALUES (15299,'GARAGOA',15);
INSERT INTO fivi_param_mpios(cod_mpio, nom_mpio, cod_depto) VALUES (15317,'GUACAMAYAS',15);
INSERT INTO fivi_param_mpios(cod_mpio, nom_mpio, cod_depto) VALUES (15322,'GUATEQUE',15);
INSERT INTO fivi_param_mpios(cod_mpio, nom_mpio, cod_depto) VALUES (15325,'GUAYATÁ',15);
INSERT INTO fivi_param_mpios(cod_mpio, nom_mpio, cod_depto) VALUES (15332,'GÃœICÁN',15);
INSERT INTO fivi_param_mpios(cod_mpio, nom_mpio, cod_depto) VALUES (15362,'IZA',15);
INSERT INTO fivi_param_mpios(cod_mpio, nom_mpio, cod_depto) VALUES (15367,'JENESANO',15);
INSERT INTO fivi_param_mpios(cod_mpio, nom_mpio, cod_depto) VALUES (15368,'JERICÓ',15);
INSERT INTO fivi_param_mpios(cod_mpio, nom_mpio, cod_depto) VALUES (15377,'LABRANZAGRANDE',15);
INSERT INTO fivi_param_mpios(cod_mpio, nom_mpio, cod_depto) VALUES (15380,'LA CAPILLA',15);
INSERT INTO fivi_param_mpios(cod_mpio, nom_mpio, cod_depto) VALUES (15401,'LA VICTORIA',15);
INSERT INTO fivi_param_mpios(cod_mpio, nom_mpio, cod_depto) VALUES (15403,'LA UVITA',15);
INSERT INTO fivi_param_mpios(cod_mpio, nom_mpio, cod_depto) VALUES (15407,'VILLA DE LEYVA',15);
INSERT INTO fivi_param_mpios(cod_mpio, nom_mpio, cod_depto) VALUES (15425,'MACANAL',15);
INSERT INTO fivi_param_mpios(cod_mpio, nom_mpio, cod_depto) VALUES (15442,'MARIPÍ',15);
INSERT INTO fivi_param_mpios(cod_mpio, nom_mpio, cod_depto) VALUES (15455,'MIRAFLORES',15);
INSERT INTO fivi_param_mpios(cod_mpio, nom_mpio, cod_depto) VALUES (15464,'MONGUA',15);
INSERT INTO fivi_param_mpios(cod_mpio, nom_mpio, cod_depto) VALUES (15466,'MONGUÍ',15);
INSERT INTO fivi_param_mpios(cod_mpio, nom_mpio, cod_depto) VALUES (15469,'MONIQUIRÁ',15);
INSERT INTO fivi_param_mpios(cod_mpio, nom_mpio, cod_depto) VALUES (15476,'MOTAVITA',15);
INSERT INTO fivi_param_mpios(cod_mpio, nom_mpio, cod_depto) VALUES (15480,'MUZO',15);
INSERT INTO fivi_param_mpios(cod_mpio, nom_mpio, cod_depto) VALUES (15491,'NOBSA',15);
INSERT INTO fivi_param_mpios(cod_mpio, nom_mpio, cod_depto) VALUES (15494,'NUEVO COLÓN',15);
INSERT INTO fivi_param_mpios(cod_mpio, nom_mpio, cod_depto) VALUES (15500,'OICATÁ',15);
INSERT INTO fivi_param_mpios(cod_mpio, nom_mpio, cod_depto) VALUES (15507,'OTANCHE',15);
INSERT INTO fivi_param_mpios(cod_mpio, nom_mpio, cod_depto) VALUES (15511,'PACHAVITA',15);
INSERT INTO fivi_param_mpios(cod_mpio, nom_mpio, cod_depto) VALUES (15514,'PÁEZ',15);
INSERT INTO fivi_param_mpios(cod_mpio, nom_mpio, cod_depto) VALUES (15516,'PAIPA',15);
INSERT INTO fivi_param_mpios(cod_mpio, nom_mpio, cod_depto) VALUES (15518,'PAJARITO',15);
INSERT INTO fivi_param_mpios(cod_mpio, nom_mpio, cod_depto) VALUES (15522,'PANQUEBA',15);
INSERT INTO fivi_param_mpios(cod_mpio, nom_mpio, cod_depto) VALUES (15531,'PAUNA',15);
INSERT INTO fivi_param_mpios(cod_mpio, nom_mpio, cod_depto) VALUES (15533,'PAYA',15);
INSERT INTO fivi_param_mpios(cod_mpio, nom_mpio, cod_depto) VALUES (15537,'PAZ DE RÍO',15);
INSERT INTO fivi_param_mpios(cod_mpio, nom_mpio, cod_depto) VALUES (15542,'PESCA',15);
INSERT INTO fivi_param_mpios(cod_mpio, nom_mpio, cod_depto) VALUES (15550,'PISBA',15);
INSERT INTO fivi_param_mpios(cod_mpio, nom_mpio, cod_depto) VALUES (15572,'PUERTO BOYACÁ',15);
INSERT INTO fivi_param_mpios(cod_mpio, nom_mpio, cod_depto) VALUES (15580,'QUÍPAMA',15);
INSERT INTO fivi_param_mpios(cod_mpio, nom_mpio, cod_depto) VALUES (15599,'RAMIRIQUÍ',15);
INSERT INTO fivi_param_mpios(cod_mpio, nom_mpio, cod_depto) VALUES (15600,'RÁQUIRA',15);
INSERT INTO fivi_param_mpios(cod_mpio, nom_mpio, cod_depto) VALUES (15621,'RONDÓN',15);
INSERT INTO fivi_param_mpios(cod_mpio, nom_mpio, cod_depto) VALUES (15632,'SABOYÁ',15);
INSERT INTO fivi_param_mpios(cod_mpio, nom_mpio, cod_depto) VALUES (15638,'SÁCHICA',15);
INSERT INTO fivi_param_mpios(cod_mpio, nom_mpio, cod_depto) VALUES (15646,'SAMACÁ',15);
INSERT INTO fivi_param_mpios(cod_mpio, nom_mpio, cod_depto) VALUES (15660,'SAN EDUARDO',15);
INSERT INTO fivi_param_mpios(cod_mpio, nom_mpio, cod_depto) VALUES (15664,'SAN JOSÉ DE PARE',15);
INSERT INTO fivi_param_mpios(cod_mpio, nom_mpio, cod_depto) VALUES (15667,'SAN LUIS DE GACENO',15);
INSERT INTO fivi_param_mpios(cod_mpio, nom_mpio, cod_depto) VALUES (15673,'SAN MATEO',15);
INSERT INTO fivi_param_mpios(cod_mpio, nom_mpio, cod_depto) VALUES (15676,'SAN MIGUEL DE SEMA',15);
INSERT INTO fivi_param_mpios(cod_mpio, nom_mpio, cod_depto) VALUES (15681,'SAN PABLO DE BORBUR',15);
INSERT INTO fivi_param_mpios(cod_mpio, nom_mpio, cod_depto) VALUES (15686,'SANTANA',15);
INSERT INTO fivi_param_mpios(cod_mpio, nom_mpio, cod_depto) VALUES (15690,'SANTA MARÍA',15);
INSERT INTO fivi_param_mpios(cod_mpio, nom_mpio, cod_depto) VALUES (15693,'SANTA ROSA DE VITERBO',15);
INSERT INTO fivi_param_mpios(cod_mpio, nom_mpio, cod_depto) VALUES (15696,'SANTA SOFÍA',15);
INSERT INTO fivi_param_mpios(cod_mpio, nom_mpio, cod_depto) VALUES (15720,'SATIVANORTE',15);
INSERT INTO fivi_param_mpios(cod_mpio, nom_mpio, cod_depto) VALUES (15723,'SATIVASUR',15);
INSERT INTO fivi_param_mpios(cod_mpio, nom_mpio, cod_depto) VALUES (15740,'SIACHOQUE',15);
INSERT INTO fivi_param_mpios(cod_mpio, nom_mpio, cod_depto) VALUES (15753,'SOATÁ',15);
INSERT INTO fivi_param_mpios(cod_mpio, nom_mpio, cod_depto) VALUES (15755,'SOCOTÁ',15);
INSERT INTO fivi_param_mpios(cod_mpio, nom_mpio, cod_depto) VALUES (15757,'SOCHA',15);
INSERT INTO fivi_param_mpios(cod_mpio, nom_mpio, cod_depto) VALUES (15759,'SOGAMOSO',15);
INSERT INTO fivi_param_mpios(cod_mpio, nom_mpio, cod_depto) VALUES (15761,'SOMONDOCO',15);
INSERT INTO fivi_param_mpios(cod_mpio, nom_mpio, cod_depto) VALUES (15762,'SORA',15);
INSERT INTO fivi_param_mpios(cod_mpio, nom_mpio, cod_depto) VALUES (15763,'SOTAQUIRÁ',15);
INSERT INTO fivi_param_mpios(cod_mpio, nom_mpio, cod_depto) VALUES (15764,'SORACÁ',15);
INSERT INTO fivi_param_mpios(cod_mpio, nom_mpio, cod_depto) VALUES (15774,'SUSACÓN',15);
INSERT INTO fivi_param_mpios(cod_mpio, nom_mpio, cod_depto) VALUES (15776,'SUTAMARCHÁN',15);
INSERT INTO fivi_param_mpios(cod_mpio, nom_mpio, cod_depto) VALUES (15778,'SUTATENZA',15);
INSERT INTO fivi_param_mpios(cod_mpio, nom_mpio, cod_depto) VALUES (15790,'TASCO',15);
INSERT INTO fivi_param_mpios(cod_mpio, nom_mpio, cod_depto) VALUES (15798,'TENZA',15);
INSERT INTO fivi_param_mpios(cod_mpio, nom_mpio, cod_depto) VALUES (15804,'TIBANÁ',15);
INSERT INTO fivi_param_mpios(cod_mpio, nom_mpio, cod_depto) VALUES (15806,'TIBASOSA',15);
INSERT INTO fivi_param_mpios(cod_mpio, nom_mpio, cod_depto) VALUES (15808,'TINJACÁ',15);
INSERT INTO fivi_param_mpios(cod_mpio, nom_mpio, cod_depto) VALUES (15810,'TIPACOQUE',15);
INSERT INTO fivi_param_mpios(cod_mpio, nom_mpio, cod_depto) VALUES (15814,'TOCA',15);
INSERT INTO fivi_param_mpios(cod_mpio, nom_mpio, cod_depto) VALUES (15816,'TOGÃœÍ',15);
INSERT INTO fivi_param_mpios(cod_mpio, nom_mpio, cod_depto) VALUES (15820,'TÓPAGA',15);
INSERT INTO fivi_param_mpios(cod_mpio, nom_mpio, cod_depto) VALUES (15822,'TOTA',15);
INSERT INTO fivi_param_mpios(cod_mpio, nom_mpio, cod_depto) VALUES (15832,'TUNUNGUÁ',15);
INSERT INTO fivi_param_mpios(cod_mpio, nom_mpio, cod_depto) VALUES (15835,'TURMEQUÉ',15);
INSERT INTO fivi_param_mpios(cod_mpio, nom_mpio, cod_depto) VALUES (15837,'TUTA',15);
INSERT INTO fivi_param_mpios(cod_mpio, nom_mpio, cod_depto) VALUES (15839,'TUTAZÁ',15);
INSERT INTO fivi_param_mpios(cod_mpio, nom_mpio, cod_depto) VALUES (15842,'UMBITA',15);
INSERT INTO fivi_param_mpios(cod_mpio, nom_mpio, cod_depto) VALUES (15861,'VENTAQUEMADA',15);
INSERT INTO fivi_param_mpios(cod_mpio, nom_mpio, cod_depto) VALUES (15879,'VIRACACHÁ',15);
INSERT INTO fivi_param_mpios(cod_mpio, nom_mpio, cod_depto) VALUES (15897,'ZETAQUIRA',15);
INSERT INTO fivi_param_mpios(cod_mpio, nom_mpio, cod_depto) VALUES (17001,'MANIZALES',17);
INSERT INTO fivi_param_mpios(cod_mpio, nom_mpio, cod_depto) VALUES (17013,'AGUADAS',17);
INSERT INTO fivi_param_mpios(cod_mpio, nom_mpio, cod_depto) VALUES (17042,'ANSERMA',17);
INSERT INTO fivi_param_mpios(cod_mpio, nom_mpio, cod_depto) VALUES (17050,'ARANZAZU',17);
INSERT INTO fivi_param_mpios(cod_mpio, nom_mpio, cod_depto) VALUES (17088,'BELALCÁZAR',17);
INSERT INTO fivi_param_mpios(cod_mpio, nom_mpio, cod_depto) VALUES (17174,'CHINCHINÁ',17);
INSERT INTO fivi_param_mpios(cod_mpio, nom_mpio, cod_depto) VALUES (17272,'FILADELFIA',17);
INSERT INTO fivi_param_mpios(cod_mpio, nom_mpio, cod_depto) VALUES (17380,'LA DORADA',17);
INSERT INTO fivi_param_mpios(cod_mpio, nom_mpio, cod_depto) VALUES (17388,'LA MERCED',17);
INSERT INTO fivi_param_mpios(cod_mpio, nom_mpio, cod_depto) VALUES (17433,'MANZANARES',17);
INSERT INTO fivi_param_mpios(cod_mpio, nom_mpio, cod_depto) VALUES (17442,'MARMATO',17);
INSERT INTO fivi_param_mpios(cod_mpio, nom_mpio, cod_depto) VALUES (17444,'MARQUETALIA',17);
INSERT INTO fivi_param_mpios(cod_mpio, nom_mpio, cod_depto) VALUES (17446,'MARULANDA',17);
INSERT INTO fivi_param_mpios(cod_mpio, nom_mpio, cod_depto) VALUES (17486,'NEIRA',17);
INSERT INTO fivi_param_mpios(cod_mpio, nom_mpio, cod_depto) VALUES (17495,'NORCASIA',17);
INSERT INTO fivi_param_mpios(cod_mpio, nom_mpio, cod_depto) VALUES (17513,'PÁCORA',17);
INSERT INTO fivi_param_mpios(cod_mpio, nom_mpio, cod_depto) VALUES (17524,'PALESTINA',17);
INSERT INTO fivi_param_mpios(cod_mpio, nom_mpio, cod_depto) VALUES (17541,'PENSILVANIA',17);
INSERT INTO fivi_param_mpios(cod_mpio, nom_mpio, cod_depto) VALUES (17614,'RIOSUCIO',17);
INSERT INTO fivi_param_mpios(cod_mpio, nom_mpio, cod_depto) VALUES (17616,'RISARALDA',17);
INSERT INTO fivi_param_mpios(cod_mpio, nom_mpio, cod_depto) VALUES (17653,'SALAMINA',17);
INSERT INTO fivi_param_mpios(cod_mpio, nom_mpio, cod_depto) VALUES (17662,'SAMANÁ',17);
INSERT INTO fivi_param_mpios(cod_mpio, nom_mpio, cod_depto) VALUES (17665,'SAN JOSÉ',17);
INSERT INTO fivi_param_mpios(cod_mpio, nom_mpio, cod_depto) VALUES (17777,'SUPÍA',17);
INSERT INTO fivi_param_mpios(cod_mpio, nom_mpio, cod_depto) VALUES (17867,'VICTORIA',17);
INSERT INTO fivi_param_mpios(cod_mpio, nom_mpio, cod_depto) VALUES (17873,'VILLAMARÍA',17);
INSERT INTO fivi_param_mpios(cod_mpio, nom_mpio, cod_depto) VALUES (17877,'VITERBO',17);
INSERT INTO fivi_param_mpios(cod_mpio, nom_mpio, cod_depto) VALUES (18001,'FLORENCIA',18);
INSERT INTO fivi_param_mpios(cod_mpio, nom_mpio, cod_depto) VALUES (18029,'ALBANIA',18);
INSERT INTO fivi_param_mpios(cod_mpio, nom_mpio, cod_depto) VALUES (18094,'BELÉN DE LOS ANDAQUÍES',18);
INSERT INTO fivi_param_mpios(cod_mpio, nom_mpio, cod_depto) VALUES (18150,'CARTAGENA DEL CHAIRÁ',18);
INSERT INTO fivi_param_mpios(cod_mpio, nom_mpio, cod_depto) VALUES (18205,'CURILLO',18);
INSERT INTO fivi_param_mpios(cod_mpio, nom_mpio, cod_depto) VALUES (18247,'EL DONCELLO',18);
INSERT INTO fivi_param_mpios(cod_mpio, nom_mpio, cod_depto) VALUES (18256,'EL PAUJIL',18);
INSERT INTO fivi_param_mpios(cod_mpio, nom_mpio, cod_depto) VALUES (18410,'LA MONTAÑITA',18);
INSERT INTO fivi_param_mpios(cod_mpio, nom_mpio, cod_depto) VALUES (18460,'MILÁN',18);
INSERT INTO fivi_param_mpios(cod_mpio, nom_mpio, cod_depto) VALUES (18479,'MORELIA',18);
INSERT INTO fivi_param_mpios(cod_mpio, nom_mpio, cod_depto) VALUES (18592,'PUERTO RICO',18);
INSERT INTO fivi_param_mpios(cod_mpio, nom_mpio, cod_depto) VALUES (18610,'SAN JOSÉ DEL FRAGUA',18);
INSERT INTO fivi_param_mpios(cod_mpio, nom_mpio, cod_depto) VALUES (18753,'SAN VICENTE DEL CAGUÁN',18);
INSERT INTO fivi_param_mpios(cod_mpio, nom_mpio, cod_depto) VALUES (18756,'SOLANO',18);
INSERT INTO fivi_param_mpios(cod_mpio, nom_mpio, cod_depto) VALUES (18785,'SOLITA',18);
INSERT INTO fivi_param_mpios(cod_mpio, nom_mpio, cod_depto) VALUES (18860,'VALPARAÍSO',18);
INSERT INTO fivi_param_mpios(cod_mpio, nom_mpio, cod_depto) VALUES (19001,'POPAYÁN',19);
INSERT INTO fivi_param_mpios(cod_mpio, nom_mpio, cod_depto) VALUES (19022,'ALMAGUER',19);
INSERT INTO fivi_param_mpios(cod_mpio, nom_mpio, cod_depto) VALUES (19050,'ARGELIA',19);
INSERT INTO fivi_param_mpios(cod_mpio, nom_mpio, cod_depto) VALUES (19075,'BALBOA',19);
INSERT INTO fivi_param_mpios(cod_mpio, nom_mpio, cod_depto) VALUES (19100,'BOLÍVAR',19);
INSERT INTO fivi_param_mpios(cod_mpio, nom_mpio, cod_depto) VALUES (19110,'BUENOS AIRES',19);
INSERT INTO fivi_param_mpios(cod_mpio, nom_mpio, cod_depto) VALUES (19130,'CAJIBÍO',19);
INSERT INTO fivi_param_mpios(cod_mpio, nom_mpio, cod_depto) VALUES (19137,'CALDONO',19);
INSERT INTO fivi_param_mpios(cod_mpio, nom_mpio, cod_depto) VALUES (19142,'CALOTO',19);
INSERT INTO fivi_param_mpios(cod_mpio, nom_mpio, cod_depto) VALUES (19212,'CORINTO',19);
INSERT INTO fivi_param_mpios(cod_mpio, nom_mpio, cod_depto) VALUES (19256,'EL TAMBO',19);
INSERT INTO fivi_param_mpios(cod_mpio, nom_mpio, cod_depto) VALUES (19290,'FLORENCIA',19);
INSERT INTO fivi_param_mpios(cod_mpio, nom_mpio, cod_depto) VALUES (19300,'GUACHENÉ',19);
INSERT INTO fivi_param_mpios(cod_mpio, nom_mpio, cod_depto) VALUES (19318,'GUAPI',19);
INSERT INTO fivi_param_mpios(cod_mpio, nom_mpio, cod_depto) VALUES (19355,'INZÁ',19);
INSERT INTO fivi_param_mpios(cod_mpio, nom_mpio, cod_depto) VALUES (19364,'JAMBALÓ',19);
INSERT INTO fivi_param_mpios(cod_mpio, nom_mpio, cod_depto) VALUES (19392,'LA SIERRA',19);
INSERT INTO fivi_param_mpios(cod_mpio, nom_mpio, cod_depto) VALUES (19397,'LA VEGA',19);
INSERT INTO fivi_param_mpios(cod_mpio, nom_mpio, cod_depto) VALUES (19418,'LÓPEZ',19);
INSERT INTO fivi_param_mpios(cod_mpio, nom_mpio, cod_depto) VALUES (19450,'MERCADERES',19);
INSERT INTO fivi_param_mpios(cod_mpio, nom_mpio, cod_depto) VALUES (19455,'MIRANDA',19);
INSERT INTO fivi_param_mpios(cod_mpio, nom_mpio, cod_depto) VALUES (19473,'MORALES',19);
INSERT INTO fivi_param_mpios(cod_mpio, nom_mpio, cod_depto) VALUES (19513,'PADILLA',19);
INSERT INTO fivi_param_mpios(cod_mpio, nom_mpio, cod_depto) VALUES (19517,'PAEZ',19);
INSERT INTO fivi_param_mpios(cod_mpio, nom_mpio, cod_depto) VALUES (19532,'PATÍA',19);
INSERT INTO fivi_param_mpios(cod_mpio, nom_mpio, cod_depto) VALUES (19533,'PIAMONTE',19);
INSERT INTO fivi_param_mpios(cod_mpio, nom_mpio, cod_depto) VALUES (19548,'PIENDAMÓ',19);
INSERT INTO fivi_param_mpios(cod_mpio, nom_mpio, cod_depto) VALUES (19573,'PUERTO TEJADA',19);
INSERT INTO fivi_param_mpios(cod_mpio, nom_mpio, cod_depto) VALUES (19585,'PURACÉ',19);
INSERT INTO fivi_param_mpios(cod_mpio, nom_mpio, cod_depto) VALUES (19622,'ROSAS',19);
INSERT INTO fivi_param_mpios(cod_mpio, nom_mpio, cod_depto) VALUES (19693,'SAN SEBASTIÁN',19);
INSERT INTO fivi_param_mpios(cod_mpio, nom_mpio, cod_depto) VALUES (19698,'SANTANDER DE QUILICHAO',19);
INSERT INTO fivi_param_mpios(cod_mpio, nom_mpio, cod_depto) VALUES (19701,'SANTA ROSA',19);
INSERT INTO fivi_param_mpios(cod_mpio, nom_mpio, cod_depto) VALUES (19743,'SILVIA',19);
INSERT INTO fivi_param_mpios(cod_mpio, nom_mpio, cod_depto) VALUES (19760,'SOTARA',19);
INSERT INTO fivi_param_mpios(cod_mpio, nom_mpio, cod_depto) VALUES (19780,'SUÁREZ',19);
INSERT INTO fivi_param_mpios(cod_mpio, nom_mpio, cod_depto) VALUES (19785,'SUCRE',19);
INSERT INTO fivi_param_mpios(cod_mpio, nom_mpio, cod_depto) VALUES (19807,'TIMBÍO',19);
INSERT INTO fivi_param_mpios(cod_mpio, nom_mpio, cod_depto) VALUES (19809,'TIMBIQUÍ',19);
INSERT INTO fivi_param_mpios(cod_mpio, nom_mpio, cod_depto) VALUES (19821,'TORIBIO',19);
INSERT INTO fivi_param_mpios(cod_mpio, nom_mpio, cod_depto) VALUES (19824,'TOTORÓ',19);
INSERT INTO fivi_param_mpios(cod_mpio, nom_mpio, cod_depto) VALUES (19845,'VILLA RICA',19);
INSERT INTO fivi_param_mpios(cod_mpio, nom_mpio, cod_depto) VALUES (20001,'VALLEDUPAR',20);
INSERT INTO fivi_param_mpios(cod_mpio, nom_mpio, cod_depto) VALUES (20011,'AGUACHICA',20);
INSERT INTO fivi_param_mpios(cod_mpio, nom_mpio, cod_depto) VALUES (20013,'AGUSTÍN CODAZZI',20);
INSERT INTO fivi_param_mpios(cod_mpio, nom_mpio, cod_depto) VALUES (20032,'ASTREA',20);
INSERT INTO fivi_param_mpios(cod_mpio, nom_mpio, cod_depto) VALUES (20045,'BECERRIL',20);
INSERT INTO fivi_param_mpios(cod_mpio, nom_mpio, cod_depto) VALUES (20060,'BOSCONIA',20);
INSERT INTO fivi_param_mpios(cod_mpio, nom_mpio, cod_depto) VALUES (20175,'CHIMICHAGUA',20);
INSERT INTO fivi_param_mpios(cod_mpio, nom_mpio, cod_depto) VALUES (20178,'CHIRIGUANÁ',20);
INSERT INTO fivi_param_mpios(cod_mpio, nom_mpio, cod_depto) VALUES (20228,'CURUMANÍ',20);
INSERT INTO fivi_param_mpios(cod_mpio, nom_mpio, cod_depto) VALUES (20238,'EL COPEY',20);
INSERT INTO fivi_param_mpios(cod_mpio, nom_mpio, cod_depto) VALUES (20250,'EL PASO',20);
INSERT INTO fivi_param_mpios(cod_mpio, nom_mpio, cod_depto) VALUES (20295,'GAMARRA',20);
INSERT INTO fivi_param_mpios(cod_mpio, nom_mpio, cod_depto) VALUES (20310,'GONZÁLEZ',20);
INSERT INTO fivi_param_mpios(cod_mpio, nom_mpio, cod_depto) VALUES (20383,'LA GLORIA',20);
INSERT INTO fivi_param_mpios(cod_mpio, nom_mpio, cod_depto) VALUES (20400,'LA JAGUA DE IBIRICO',20);
INSERT INTO fivi_param_mpios(cod_mpio, nom_mpio, cod_depto) VALUES (20443,'MANAURE',20);
INSERT INTO fivi_param_mpios(cod_mpio, nom_mpio, cod_depto) VALUES (20517,'PAILITAS',20);
INSERT INTO fivi_param_mpios(cod_mpio, nom_mpio, cod_depto) VALUES (20550,'PELAYA',20);
INSERT INTO fivi_param_mpios(cod_mpio, nom_mpio, cod_depto) VALUES (20570,'PUEBLO BELLO',20);
INSERT INTO fivi_param_mpios(cod_mpio, nom_mpio, cod_depto) VALUES (20614,'RÍO DE ORO',20);
INSERT INTO fivi_param_mpios(cod_mpio, nom_mpio, cod_depto) VALUES (20621,'LA PAZ',20);
INSERT INTO fivi_param_mpios(cod_mpio, nom_mpio, cod_depto) VALUES (20710,'SAN ALBERTO',20);
INSERT INTO fivi_param_mpios(cod_mpio, nom_mpio, cod_depto) VALUES (20750,'SAN DIEGO',20);
INSERT INTO fivi_param_mpios(cod_mpio, nom_mpio, cod_depto) VALUES (20770,'SAN MARTÍN',20);
INSERT INTO fivi_param_mpios(cod_mpio, nom_mpio, cod_depto) VALUES (20787,'TAMALAMEQUE',20);
INSERT INTO fivi_param_mpios(cod_mpio, nom_mpio, cod_depto) VALUES (23001,'MONTERÍA',23);
INSERT INTO fivi_param_mpios(cod_mpio, nom_mpio, cod_depto) VALUES (23068,'AYAPEL',23);
INSERT INTO fivi_param_mpios(cod_mpio, nom_mpio, cod_depto) VALUES (23079,'BUENAVISTA',23);
INSERT INTO fivi_param_mpios(cod_mpio, nom_mpio, cod_depto) VALUES (23090,'CANALETE',23);
INSERT INTO fivi_param_mpios(cod_mpio, nom_mpio, cod_depto) VALUES (23162,'CERETÉ',23);
INSERT INTO fivi_param_mpios(cod_mpio, nom_mpio, cod_depto) VALUES (23168,'CHIMÁ',23);
INSERT INTO fivi_param_mpios(cod_mpio, nom_mpio, cod_depto) VALUES (23182,'CHINÚ',23);
INSERT INTO fivi_param_mpios(cod_mpio, nom_mpio, cod_depto) VALUES (23189,'CIÉNAGA DE ORO',23);
INSERT INTO fivi_param_mpios(cod_mpio, nom_mpio, cod_depto) VALUES (23300,'COTORRA',23);
INSERT INTO fivi_param_mpios(cod_mpio, nom_mpio, cod_depto) VALUES (23350,'LA APARTADA',23);
INSERT INTO fivi_param_mpios(cod_mpio, nom_mpio, cod_depto) VALUES (23417,'LORICA',23);
INSERT INTO fivi_param_mpios(cod_mpio, nom_mpio, cod_depto) VALUES (23419,'LOS CÓRDOBAS',23);
INSERT INTO fivi_param_mpios(cod_mpio, nom_mpio, cod_depto) VALUES (23464,'MOMIL',23);
INSERT INTO fivi_param_mpios(cod_mpio, nom_mpio, cod_depto) VALUES (23466,'MONTELÍBANO',23);
INSERT INTO fivi_param_mpios(cod_mpio, nom_mpio, cod_depto) VALUES (23500,'MOÑITOS',23);
INSERT INTO fivi_param_mpios(cod_mpio, nom_mpio, cod_depto) VALUES (23555,'PLANETA RICA',23);
INSERT INTO fivi_param_mpios(cod_mpio, nom_mpio, cod_depto) VALUES (23570,'PUEBLO NUEVO',23);
INSERT INTO fivi_param_mpios(cod_mpio, nom_mpio, cod_depto) VALUES (23574,'PUERTO ESCONDIDO',23);
INSERT INTO fivi_param_mpios(cod_mpio, nom_mpio, cod_depto) VALUES (23580,'PUERTO LIBERTADOR',23);
INSERT INTO fivi_param_mpios(cod_mpio, nom_mpio, cod_depto) VALUES (23586,'PURÍSIMA',23);
INSERT INTO fivi_param_mpios(cod_mpio, nom_mpio, cod_depto) VALUES (23660,'SAHAGÚN',23);
INSERT INTO fivi_param_mpios(cod_mpio, nom_mpio, cod_depto) VALUES (23670,'SAN ANDRÉS SOTAVENTO',23);
INSERT INTO fivi_param_mpios(cod_mpio, nom_mpio, cod_depto) VALUES (23672,'SAN ANTERO',23);
INSERT INTO fivi_param_mpios(cod_mpio, nom_mpio, cod_depto) VALUES (23675,'SAN BERNARDO DEL VIENTO',23);
INSERT INTO fivi_param_mpios(cod_mpio, nom_mpio, cod_depto) VALUES (23678,'SAN CARLOS',23);
INSERT INTO fivi_param_mpios(cod_mpio, nom_mpio, cod_depto) VALUES (23682,'SAN JOSÉ DE URÉ',23);
INSERT INTO fivi_param_mpios(cod_mpio, nom_mpio, cod_depto) VALUES (23686,'SAN PELAYO',23);
INSERT INTO fivi_param_mpios(cod_mpio, nom_mpio, cod_depto) VALUES (23807,'TIERRALTA',23);
INSERT INTO fivi_param_mpios(cod_mpio, nom_mpio, cod_depto) VALUES (23815,'TUCHÍN',23);
INSERT INTO fivi_param_mpios(cod_mpio, nom_mpio, cod_depto) VALUES (23855,'VALENCIA',23);
INSERT INTO fivi_param_mpios(cod_mpio, nom_mpio, cod_depto) VALUES (25001,'AGUA DE DIOS',25);
INSERT INTO fivi_param_mpios(cod_mpio, nom_mpio, cod_depto) VALUES (25019,'ALBÁN',25);
INSERT INTO fivi_param_mpios(cod_mpio, nom_mpio, cod_depto) VALUES (25035,'ANAPOIMA',25);
INSERT INTO fivi_param_mpios(cod_mpio, nom_mpio, cod_depto) VALUES (25040,'ANOLAIMA',25);
INSERT INTO fivi_param_mpios(cod_mpio, nom_mpio, cod_depto) VALUES (25053,'ARBELÁEZ',25);
INSERT INTO fivi_param_mpios(cod_mpio, nom_mpio, cod_depto) VALUES (25086,'BELTRÁN',25);
INSERT INTO fivi_param_mpios(cod_mpio, nom_mpio, cod_depto) VALUES (25095,'BITUIMA',25);
INSERT INTO fivi_param_mpios(cod_mpio, nom_mpio, cod_depto) VALUES (25099,'BOJACÁ',25);
INSERT INTO fivi_param_mpios(cod_mpio, nom_mpio, cod_depto) VALUES (25120,'CABRERA',25);
INSERT INTO fivi_param_mpios(cod_mpio, nom_mpio, cod_depto) VALUES (25123,'CACHIPAY',25);
INSERT INTO fivi_param_mpios(cod_mpio, nom_mpio, cod_depto) VALUES (25126,'CAJICÁ',25);
INSERT INTO fivi_param_mpios(cod_mpio, nom_mpio, cod_depto) VALUES (25148,'CAPARRAPÍ',25);
INSERT INTO fivi_param_mpios(cod_mpio, nom_mpio, cod_depto) VALUES (25151,'CAQUEZA',25);
INSERT INTO fivi_param_mpios(cod_mpio, nom_mpio, cod_depto) VALUES (25154,'CARMEN DE CARUPA',25);
INSERT INTO fivi_param_mpios(cod_mpio, nom_mpio, cod_depto) VALUES (25168,'CHAGUANÍ',25);
INSERT INTO fivi_param_mpios(cod_mpio, nom_mpio, cod_depto) VALUES (25175,'CHÍA',25);
INSERT INTO fivi_param_mpios(cod_mpio, nom_mpio, cod_depto) VALUES (25178,'CHIPAQUE',25);
INSERT INTO fivi_param_mpios(cod_mpio, nom_mpio, cod_depto) VALUES (25181,'CHOACHÍ',25);
INSERT INTO fivi_param_mpios(cod_mpio, nom_mpio, cod_depto) VALUES (25183,'CHOCONTÁ',25);
INSERT INTO fivi_param_mpios(cod_mpio, nom_mpio, cod_depto) VALUES (25200,'COGUA',25);
INSERT INTO fivi_param_mpios(cod_mpio, nom_mpio, cod_depto) VALUES (25214,'COTA',25);
INSERT INTO fivi_param_mpios(cod_mpio, nom_mpio, cod_depto) VALUES (25224,'CUCUNUBÁ',25);
INSERT INTO fivi_param_mpios(cod_mpio, nom_mpio, cod_depto) VALUES (25245,'EL COLEGIO',25);
INSERT INTO fivi_param_mpios(cod_mpio, nom_mpio, cod_depto) VALUES (25258,'EL PEÑÓN',25);
INSERT INTO fivi_param_mpios(cod_mpio, nom_mpio, cod_depto) VALUES (25260,'EL ROSAL',25);
INSERT INTO fivi_param_mpios(cod_mpio, nom_mpio, cod_depto) VALUES (25269,'FACATATIVÁ',25);
INSERT INTO fivi_param_mpios(cod_mpio, nom_mpio, cod_depto) VALUES (25279,'FOMEQUE',25);
INSERT INTO fivi_param_mpios(cod_mpio, nom_mpio, cod_depto) VALUES (25281,'FOSCA',25);
INSERT INTO fivi_param_mpios(cod_mpio, nom_mpio, cod_depto) VALUES (25286,'FUNZA',25);
INSERT INTO fivi_param_mpios(cod_mpio, nom_mpio, cod_depto) VALUES (25288,'FÚQUENE',25);
INSERT INTO fivi_param_mpios(cod_mpio, nom_mpio, cod_depto) VALUES (25290,'FUSAGASUGÁ',25);
INSERT INTO fivi_param_mpios(cod_mpio, nom_mpio, cod_depto) VALUES (25293,'GACHALA',25);
INSERT INTO fivi_param_mpios(cod_mpio, nom_mpio, cod_depto) VALUES (25295,'GACHANCIPÁ',25);
INSERT INTO fivi_param_mpios(cod_mpio, nom_mpio, cod_depto) VALUES (25297,'GACHETÁ',25);
INSERT INTO fivi_param_mpios(cod_mpio, nom_mpio, cod_depto) VALUES (25299,'GAMA',25);
INSERT INTO fivi_param_mpios(cod_mpio, nom_mpio, cod_depto) VALUES (25307,'GIRARDOT',25);
INSERT INTO fivi_param_mpios(cod_mpio, nom_mpio, cod_depto) VALUES (25312,'GRANADA',25);
INSERT INTO fivi_param_mpios(cod_mpio, nom_mpio, cod_depto) VALUES (25317,'GUACHETÁ',25);
INSERT INTO fivi_param_mpios(cod_mpio, nom_mpio, cod_depto) VALUES (25320,'GUADUAS',25);
INSERT INTO fivi_param_mpios(cod_mpio, nom_mpio, cod_depto) VALUES (25322,'GUASCA',25);
INSERT INTO fivi_param_mpios(cod_mpio, nom_mpio, cod_depto) VALUES (25324,'GUATAQUÍ',25);
INSERT INTO fivi_param_mpios(cod_mpio, nom_mpio, cod_depto) VALUES (25326,'GUATAVITA',25);
INSERT INTO fivi_param_mpios(cod_mpio, nom_mpio, cod_depto) VALUES (25328,'GUAYABAL DE SIQUIMA',25);
INSERT INTO fivi_param_mpios(cod_mpio, nom_mpio, cod_depto) VALUES (25335,'GUAYABETAL',25);
INSERT INTO fivi_param_mpios(cod_mpio, nom_mpio, cod_depto) VALUES (25339,'GUTIÉRREZ',25);
INSERT INTO fivi_param_mpios(cod_mpio, nom_mpio, cod_depto) VALUES (25368,'JERUSALÉN',25);
INSERT INTO fivi_param_mpios(cod_mpio, nom_mpio, cod_depto) VALUES (25372,'JUNÍN',25);
INSERT INTO fivi_param_mpios(cod_mpio, nom_mpio, cod_depto) VALUES (25377,'LA CALERA',25);
INSERT INTO fivi_param_mpios(cod_mpio, nom_mpio, cod_depto) VALUES (25386,'LA MESA',25);
INSERT INTO fivi_param_mpios(cod_mpio, nom_mpio, cod_depto) VALUES (25394,'LA PALMA',25);
INSERT INTO fivi_param_mpios(cod_mpio, nom_mpio, cod_depto) VALUES (25398,'LA PEÑA',25);
INSERT INTO fivi_param_mpios(cod_mpio, nom_mpio, cod_depto) VALUES (25402,'LA VEGA',25);
INSERT INTO fivi_param_mpios(cod_mpio, nom_mpio, cod_depto) VALUES (25407,'LENGUAZAQUE',25);
INSERT INTO fivi_param_mpios(cod_mpio, nom_mpio, cod_depto) VALUES (25426,'MACHETA',25);
INSERT INTO fivi_param_mpios(cod_mpio, nom_mpio, cod_depto) VALUES (25430,'MADRID',25);
INSERT INTO fivi_param_mpios(cod_mpio, nom_mpio, cod_depto) VALUES (25436,'MANTA',25);
INSERT INTO fivi_param_mpios(cod_mpio, nom_mpio, cod_depto) VALUES (25438,'MEDINA',25);
INSERT INTO fivi_param_mpios(cod_mpio, nom_mpio, cod_depto) VALUES (25473,'MOSQUERA',25);
INSERT INTO fivi_param_mpios(cod_mpio, nom_mpio, cod_depto) VALUES (25483,'NARIÑO',25);
INSERT INTO fivi_param_mpios(cod_mpio, nom_mpio, cod_depto) VALUES (25486,'NEMOCÓN',25);
INSERT INTO fivi_param_mpios(cod_mpio, nom_mpio, cod_depto) VALUES (25488,'NILO',25);
INSERT INTO fivi_param_mpios(cod_mpio, nom_mpio, cod_depto) VALUES (25489,'NIMAIMA',25);
INSERT INTO fivi_param_mpios(cod_mpio, nom_mpio, cod_depto) VALUES (25491,'NOCAIMA',25);
INSERT INTO fivi_param_mpios(cod_mpio, nom_mpio, cod_depto) VALUES (25506,'VENECIA',25);
INSERT INTO fivi_param_mpios(cod_mpio, nom_mpio, cod_depto) VALUES (25513,'PACHO',25);
INSERT INTO fivi_param_mpios(cod_mpio, nom_mpio, cod_depto) VALUES (25518,'PAIME',25);
INSERT INTO fivi_param_mpios(cod_mpio, nom_mpio, cod_depto) VALUES (25524,'PANDI',25);
INSERT INTO fivi_param_mpios(cod_mpio, nom_mpio, cod_depto) VALUES (25530,'PARATEBUENO',25);
INSERT INTO fivi_param_mpios(cod_mpio, nom_mpio, cod_depto) VALUES (25535,'PASCA',25);
INSERT INTO fivi_param_mpios(cod_mpio, nom_mpio, cod_depto) VALUES (25572,'PUERTO SALGAR',25);
INSERT INTO fivi_param_mpios(cod_mpio, nom_mpio, cod_depto) VALUES (25580,'PULÍ',25);
INSERT INTO fivi_param_mpios(cod_mpio, nom_mpio, cod_depto) VALUES (25592,'QUEBRADANEGRA',25);
INSERT INTO fivi_param_mpios(cod_mpio, nom_mpio, cod_depto) VALUES (25594,'QUETAME',25);
INSERT INTO fivi_param_mpios(cod_mpio, nom_mpio, cod_depto) VALUES (25596,'QUIPILE',25);
INSERT INTO fivi_param_mpios(cod_mpio, nom_mpio, cod_depto) VALUES (25599,'APULO',25);
INSERT INTO fivi_param_mpios(cod_mpio, nom_mpio, cod_depto) VALUES (25612,'RICAURTE',25);
INSERT INTO fivi_param_mpios(cod_mpio, nom_mpio, cod_depto) VALUES (25645,'SAN ANTONIO DEL TEQUENDAMA',25);
INSERT INTO fivi_param_mpios(cod_mpio, nom_mpio, cod_depto) VALUES (25649,'SAN BERNARDO',25);
INSERT INTO fivi_param_mpios(cod_mpio, nom_mpio, cod_depto) VALUES (25653,'SAN CAYETANO',25);
INSERT INTO fivi_param_mpios(cod_mpio, nom_mpio, cod_depto) VALUES (25658,'SAN FRANCISCO',25);
INSERT INTO fivi_param_mpios(cod_mpio, nom_mpio, cod_depto) VALUES (25662,'SAN JUAN DE RÍO SECO',25);
INSERT INTO fivi_param_mpios(cod_mpio, nom_mpio, cod_depto) VALUES (25718,'SASAIMA',25);
INSERT INTO fivi_param_mpios(cod_mpio, nom_mpio, cod_depto) VALUES (25736,'SESQUILÉ',25);
INSERT INTO fivi_param_mpios(cod_mpio, nom_mpio, cod_depto) VALUES (25740,'SIBATÉ',25);
INSERT INTO fivi_param_mpios(cod_mpio, nom_mpio, cod_depto) VALUES (25743,'SILVANIA',25);
INSERT INTO fivi_param_mpios(cod_mpio, nom_mpio, cod_depto) VALUES (25745,'SIMIJACA',25);
INSERT INTO fivi_param_mpios(cod_mpio, nom_mpio, cod_depto) VALUES (25754,'SOACHA',25);
INSERT INTO fivi_param_mpios(cod_mpio, nom_mpio, cod_depto) VALUES (25758,'SOPÓ',25);
INSERT INTO fivi_param_mpios(cod_mpio, nom_mpio, cod_depto) VALUES (25769,'SUBACHOQUE',25);
INSERT INTO fivi_param_mpios(cod_mpio, nom_mpio, cod_depto) VALUES (25772,'SUESCA',25);
INSERT INTO fivi_param_mpios(cod_mpio, nom_mpio, cod_depto) VALUES (25777,'SUPATÁ',25);
INSERT INTO fivi_param_mpios(cod_mpio, nom_mpio, cod_depto) VALUES (25779,'SUSA',25);
INSERT INTO fivi_param_mpios(cod_mpio, nom_mpio, cod_depto) VALUES (25781,'SUTATAUSA',25);
INSERT INTO fivi_param_mpios(cod_mpio, nom_mpio, cod_depto) VALUES (25785,'TABIO',25);
INSERT INTO fivi_param_mpios(cod_mpio, nom_mpio, cod_depto) VALUES (25793,'TAUSA',25);
INSERT INTO fivi_param_mpios(cod_mpio, nom_mpio, cod_depto) VALUES (25797,'TENA',25);
INSERT INTO fivi_param_mpios(cod_mpio, nom_mpio, cod_depto) VALUES (25799,'TENJO',25);
INSERT INTO fivi_param_mpios(cod_mpio, nom_mpio, cod_depto) VALUES (25805,'TIBACUY',25);
INSERT INTO fivi_param_mpios(cod_mpio, nom_mpio, cod_depto) VALUES (25807,'TIBIRITA',25);
INSERT INTO fivi_param_mpios(cod_mpio, nom_mpio, cod_depto) VALUES (25815,'TOCAIMA',25);
INSERT INTO fivi_param_mpios(cod_mpio, nom_mpio, cod_depto) VALUES (25817,'TOCANCIPÁ',25);
INSERT INTO fivi_param_mpios(cod_mpio, nom_mpio, cod_depto) VALUES (25823,'TOPAIPÍ',25);
INSERT INTO fivi_param_mpios(cod_mpio, nom_mpio, cod_depto) VALUES (25839,'UBALÁ',25);
INSERT INTO fivi_param_mpios(cod_mpio, nom_mpio, cod_depto) VALUES (25841,'UBAQUE',25);
INSERT INTO fivi_param_mpios(cod_mpio, nom_mpio, cod_depto) VALUES (25843,'VILLA DE SAN DIEGO DE UBATE',25);
INSERT INTO fivi_param_mpios(cod_mpio, nom_mpio, cod_depto) VALUES (25845,'UNE',25);
INSERT INTO fivi_param_mpios(cod_mpio, nom_mpio, cod_depto) VALUES (25851,'ÚTICA',25);
INSERT INTO fivi_param_mpios(cod_mpio, nom_mpio, cod_depto) VALUES (25862,'VERGARA',25);
INSERT INTO fivi_param_mpios(cod_mpio, nom_mpio, cod_depto) VALUES (25867,'VIANÍ',25);
INSERT INTO fivi_param_mpios(cod_mpio, nom_mpio, cod_depto) VALUES (25871,'VILLAGÓMEZ',25);
INSERT INTO fivi_param_mpios(cod_mpio, nom_mpio, cod_depto) VALUES (25873,'VILLAPINZÓN',25);
INSERT INTO fivi_param_mpios(cod_mpio, nom_mpio, cod_depto) VALUES (25875,'VILLETA',25);
INSERT INTO fivi_param_mpios(cod_mpio, nom_mpio, cod_depto) VALUES (25878,'VIOTÁ',25);
INSERT INTO fivi_param_mpios(cod_mpio, nom_mpio, cod_depto) VALUES (25885,'YACOPÍ',25);
INSERT INTO fivi_param_mpios(cod_mpio, nom_mpio, cod_depto) VALUES (25898,'ZIPACÓN',25);
INSERT INTO fivi_param_mpios(cod_mpio, nom_mpio, cod_depto) VALUES (25899,'ZIPAQUIRÁ',25);
INSERT INTO fivi_param_mpios(cod_mpio, nom_mpio, cod_depto) VALUES (27001,'QUIBDÓ',27);
INSERT INTO fivi_param_mpios(cod_mpio, nom_mpio, cod_depto) VALUES (27006,'ACANDÍ',27);
INSERT INTO fivi_param_mpios(cod_mpio, nom_mpio, cod_depto) VALUES (27025,'ALTO BAUDÓ',27);
INSERT INTO fivi_param_mpios(cod_mpio, nom_mpio, cod_depto) VALUES (27050,'ATRATO',27);
INSERT INTO fivi_param_mpios(cod_mpio, nom_mpio, cod_depto) VALUES (27073,'BAGADÓ',27);
INSERT INTO fivi_param_mpios(cod_mpio, nom_mpio, cod_depto) VALUES (27075,'BAHÍA SOLANO',27);
INSERT INTO fivi_param_mpios(cod_mpio, nom_mpio, cod_depto) VALUES (27077,'BAJO BAUDÓ',27);
INSERT INTO fivi_param_mpios(cod_mpio, nom_mpio, cod_depto) VALUES (27099,'BOJAYA',27);
INSERT INTO fivi_param_mpios(cod_mpio, nom_mpio, cod_depto) VALUES (27135,'EL CANTÓN DEL SAN PABLO',27);
INSERT INTO fivi_param_mpios(cod_mpio, nom_mpio, cod_depto) VALUES (27150,'CARMEN DEL DARIEN',27);
INSERT INTO fivi_param_mpios(cod_mpio, nom_mpio, cod_depto) VALUES (27160,'CÉRTEGUI',27);
INSERT INTO fivi_param_mpios(cod_mpio, nom_mpio, cod_depto) VALUES (27205,'CONDOTO',27);
INSERT INTO fivi_param_mpios(cod_mpio, nom_mpio, cod_depto) VALUES (27245,'EL CARMEN DE ATRATO',27);
INSERT INTO fivi_param_mpios(cod_mpio, nom_mpio, cod_depto) VALUES (27250,'EL LITORAL DEL SAN JUAN',27);
INSERT INTO fivi_param_mpios(cod_mpio, nom_mpio, cod_depto) VALUES (27361,'ISTMINA',27);
INSERT INTO fivi_param_mpios(cod_mpio, nom_mpio, cod_depto) VALUES (27372,'JURADÓ',27);
INSERT INTO fivi_param_mpios(cod_mpio, nom_mpio, cod_depto) VALUES (27413,'LLORÓ',27);
INSERT INTO fivi_param_mpios(cod_mpio, nom_mpio, cod_depto) VALUES (27425,'MEDIO ATRATO',27);
INSERT INTO fivi_param_mpios(cod_mpio, nom_mpio, cod_depto) VALUES (27430,'MEDIO BAUDÓ',27);
INSERT INTO fivi_param_mpios(cod_mpio, nom_mpio, cod_depto) VALUES (27450,'MEDIO SAN JUAN',27);
INSERT INTO fivi_param_mpios(cod_mpio, nom_mpio, cod_depto) VALUES (27491,'NÓVITA',27);
INSERT INTO fivi_param_mpios(cod_mpio, nom_mpio, cod_depto) VALUES (27495,'NUQUÍ',27);
INSERT INTO fivi_param_mpios(cod_mpio, nom_mpio, cod_depto) VALUES (27580,'RÍO IRÓ',27);
INSERT INTO fivi_param_mpios(cod_mpio, nom_mpio, cod_depto) VALUES (27600,'RÍO QUITO',27);
INSERT INTO fivi_param_mpios(cod_mpio, nom_mpio, cod_depto) VALUES (27615,'RIOSUCIO',27);
INSERT INTO fivi_param_mpios(cod_mpio, nom_mpio, cod_depto) VALUES (27660,'SAN JOSÉ DEL PALMAR',27);
INSERT INTO fivi_param_mpios(cod_mpio, nom_mpio, cod_depto) VALUES (27745,'SIPÍ',27);
INSERT INTO fivi_param_mpios(cod_mpio, nom_mpio, cod_depto) VALUES (27787,'TADÓ',27);
INSERT INTO fivi_param_mpios(cod_mpio, nom_mpio, cod_depto) VALUES (27800,'UNGUÍA',27);
INSERT INTO fivi_param_mpios(cod_mpio, nom_mpio, cod_depto) VALUES (27810,'UNIÓN PANAMERICANA',27);
INSERT INTO fivi_param_mpios(cod_mpio, nom_mpio, cod_depto) VALUES (41001,'NEIVA',41);
INSERT INTO fivi_param_mpios(cod_mpio, nom_mpio, cod_depto) VALUES (41006,'ACEVEDO',41);
INSERT INTO fivi_param_mpios(cod_mpio, nom_mpio, cod_depto) VALUES (41013,'AGRADO',41);
INSERT INTO fivi_param_mpios(cod_mpio, nom_mpio, cod_depto) VALUES (41016,'AIPE',41);
INSERT INTO fivi_param_mpios(cod_mpio, nom_mpio, cod_depto) VALUES (41020,'ALGECIRAS',41);
INSERT INTO fivi_param_mpios(cod_mpio, nom_mpio, cod_depto) VALUES (41026,'ALTAMIRA',41);
INSERT INTO fivi_param_mpios(cod_mpio, nom_mpio, cod_depto) VALUES (41078,'BARAYA',41);
INSERT INTO fivi_param_mpios(cod_mpio, nom_mpio, cod_depto) VALUES (41132,'CAMPOALEGRE',41);
INSERT INTO fivi_param_mpios(cod_mpio, nom_mpio, cod_depto) VALUES (41206,'COLOMBIA',41);
INSERT INTO fivi_param_mpios(cod_mpio, nom_mpio, cod_depto) VALUES (41244,'ELÍAS',41);
INSERT INTO fivi_param_mpios(cod_mpio, nom_mpio, cod_depto) VALUES (41298,'GARZÓN',41);
INSERT INTO fivi_param_mpios(cod_mpio, nom_mpio, cod_depto) VALUES (41306,'GIGANTE',41);
INSERT INTO fivi_param_mpios(cod_mpio, nom_mpio, cod_depto) VALUES (41319,'GUADALUPE',41);
INSERT INTO fivi_param_mpios(cod_mpio, nom_mpio, cod_depto) VALUES (41349,'HOBO',41);
INSERT INTO fivi_param_mpios(cod_mpio, nom_mpio, cod_depto) VALUES (41357,'IQUIRA',41);
INSERT INTO fivi_param_mpios(cod_mpio, nom_mpio, cod_depto) VALUES (41359,'ISNOS',41);
INSERT INTO fivi_param_mpios(cod_mpio, nom_mpio, cod_depto) VALUES (41378,'LA ARGENTINA',41);
INSERT INTO fivi_param_mpios(cod_mpio, nom_mpio, cod_depto) VALUES (41396,'LA PLATA',41);
INSERT INTO fivi_param_mpios(cod_mpio, nom_mpio, cod_depto) VALUES (41483,'NÁTAGA',41);
INSERT INTO fivi_param_mpios(cod_mpio, nom_mpio, cod_depto) VALUES (41503,'OPORAPA',41);
INSERT INTO fivi_param_mpios(cod_mpio, nom_mpio, cod_depto) VALUES (41518,'PAICOL',41);
INSERT INTO fivi_param_mpios(cod_mpio, nom_mpio, cod_depto) VALUES (41524,'PALERMO',41);
INSERT INTO fivi_param_mpios(cod_mpio, nom_mpio, cod_depto) VALUES (41530,'PALESTINA',41);
INSERT INTO fivi_param_mpios(cod_mpio, nom_mpio, cod_depto) VALUES (41548,'PITAL',41);
INSERT INTO fivi_param_mpios(cod_mpio, nom_mpio, cod_depto) VALUES (41551,'PITALITO',41);
INSERT INTO fivi_param_mpios(cod_mpio, nom_mpio, cod_depto) VALUES (41615,'RIVERA',41);
INSERT INTO fivi_param_mpios(cod_mpio, nom_mpio, cod_depto) VALUES (41660,'SALADOBLANCO',41);
INSERT INTO fivi_param_mpios(cod_mpio, nom_mpio, cod_depto) VALUES (41668,'SAN AGUSTÍN',41);
INSERT INTO fivi_param_mpios(cod_mpio, nom_mpio, cod_depto) VALUES (41676,'SANTA MARÍA',41);
INSERT INTO fivi_param_mpios(cod_mpio, nom_mpio, cod_depto) VALUES (41770,'SUAZA',41);
INSERT INTO fivi_param_mpios(cod_mpio, nom_mpio, cod_depto) VALUES (41791,'TARQUI',41);
INSERT INTO fivi_param_mpios(cod_mpio, nom_mpio, cod_depto) VALUES (41797,'TESALIA',41);
INSERT INTO fivi_param_mpios(cod_mpio, nom_mpio, cod_depto) VALUES (41799,'TELLO',41);
INSERT INTO fivi_param_mpios(cod_mpio, nom_mpio, cod_depto) VALUES (41801,'TERUEL',41);
INSERT INTO fivi_param_mpios(cod_mpio, nom_mpio, cod_depto) VALUES (41807,'TIMANÁ',41);
INSERT INTO fivi_param_mpios(cod_mpio, nom_mpio, cod_depto) VALUES (41872,'VILLAVIEJA',41);
INSERT INTO fivi_param_mpios(cod_mpio, nom_mpio, cod_depto) VALUES (41885,'YAGUARÁ',41);
INSERT INTO fivi_param_mpios(cod_mpio, nom_mpio, cod_depto) VALUES (44001,'RIOHACHA',44);
INSERT INTO fivi_param_mpios(cod_mpio, nom_mpio, cod_depto) VALUES (44035,'ALBANIA',44);
INSERT INTO fivi_param_mpios(cod_mpio, nom_mpio, cod_depto) VALUES (44078,'BARRANCAS',44);
INSERT INTO fivi_param_mpios(cod_mpio, nom_mpio, cod_depto) VALUES (44090,'DIBULLA',44);
INSERT INTO fivi_param_mpios(cod_mpio, nom_mpio, cod_depto) VALUES (44098,'DISTRACCIÓN',44);
INSERT INTO fivi_param_mpios(cod_mpio, nom_mpio, cod_depto) VALUES (44110,'EL MOLINO',44);
INSERT INTO fivi_param_mpios(cod_mpio, nom_mpio, cod_depto) VALUES (44279,'FONSECA',44);
INSERT INTO fivi_param_mpios(cod_mpio, nom_mpio, cod_depto) VALUES (44378,'HATONUEVO',44);
INSERT INTO fivi_param_mpios(cod_mpio, nom_mpio, cod_depto) VALUES (44420,'LA JAGUA DEL PILAR',44);
INSERT INTO fivi_param_mpios(cod_mpio, nom_mpio, cod_depto) VALUES (44430,'MAICAO',44);
INSERT INTO fivi_param_mpios(cod_mpio, nom_mpio, cod_depto) VALUES (44560,'MANAURE',44);
INSERT INTO fivi_param_mpios(cod_mpio, nom_mpio, cod_depto) VALUES (44650,'SAN JUAN DEL CESAR',44);
INSERT INTO fivi_param_mpios(cod_mpio, nom_mpio, cod_depto) VALUES (44847,'URIBIA',44);
INSERT INTO fivi_param_mpios(cod_mpio, nom_mpio, cod_depto) VALUES (44855,'URUMITA',44);
INSERT INTO fivi_param_mpios(cod_mpio, nom_mpio, cod_depto) VALUES (44874,'VILLANUEVA',44);
INSERT INTO fivi_param_mpios(cod_mpio, nom_mpio, cod_depto) VALUES (47001,'SANTA MARTA',47);
INSERT INTO fivi_param_mpios(cod_mpio, nom_mpio, cod_depto) VALUES (47030,'ALGARROBO',47);
INSERT INTO fivi_param_mpios(cod_mpio, nom_mpio, cod_depto) VALUES (47053,'ARACATACA',47);
INSERT INTO fivi_param_mpios(cod_mpio, nom_mpio, cod_depto) VALUES (47058,'ARIGUANÍ',47);
INSERT INTO fivi_param_mpios(cod_mpio, nom_mpio, cod_depto) VALUES (47161,'CERRO SAN ANTONIO',47);
INSERT INTO fivi_param_mpios(cod_mpio, nom_mpio, cod_depto) VALUES (47170,'CHIBOLO',47);
INSERT INTO fivi_param_mpios(cod_mpio, nom_mpio, cod_depto) VALUES (47189,'CIÉNAGA',47);
INSERT INTO fivi_param_mpios(cod_mpio, nom_mpio, cod_depto) VALUES (47205,'CONCORDIA',47);
INSERT INTO fivi_param_mpios(cod_mpio, nom_mpio, cod_depto) VALUES (47245,'EL BANCO',47);
INSERT INTO fivi_param_mpios(cod_mpio, nom_mpio, cod_depto) VALUES (47258,'EL PIÑON',47);
INSERT INTO fivi_param_mpios(cod_mpio, nom_mpio, cod_depto) VALUES (47268,'EL RETÉN',47);
INSERT INTO fivi_param_mpios(cod_mpio, nom_mpio, cod_depto) VALUES (47288,'FUNDACIÓN',47);
INSERT INTO fivi_param_mpios(cod_mpio, nom_mpio, cod_depto) VALUES (47318,'GUAMAL',47);
INSERT INTO fivi_param_mpios(cod_mpio, nom_mpio, cod_depto) VALUES (47460,'NUEVA GRANADA',47);
INSERT INTO fivi_param_mpios(cod_mpio, nom_mpio, cod_depto) VALUES (47541,'PEDRAZA',47);
INSERT INTO fivi_param_mpios(cod_mpio, nom_mpio, cod_depto) VALUES (47545,'PIJIÑO DEL CARMEN',47);
INSERT INTO fivi_param_mpios(cod_mpio, nom_mpio, cod_depto) VALUES (47551,'PIVIJAY',47);
INSERT INTO fivi_param_mpios(cod_mpio, nom_mpio, cod_depto) VALUES (47555,'PLATO',47);
INSERT INTO fivi_param_mpios(cod_mpio, nom_mpio, cod_depto) VALUES (47570,'PUEBLOVIEJO',47);
INSERT INTO fivi_param_mpios(cod_mpio, nom_mpio, cod_depto) VALUES (47605,'REMOLINO',47);
INSERT INTO fivi_param_mpios(cod_mpio, nom_mpio, cod_depto) VALUES (47660,'SABANAS DE SAN ANGEL',47);
INSERT INTO fivi_param_mpios(cod_mpio, nom_mpio, cod_depto) VALUES (47675,'SALAMINA',47);
INSERT INTO fivi_param_mpios(cod_mpio, nom_mpio, cod_depto) VALUES (47692,'SAN SEBASTIÁN DE BUENAVISTA',47);
INSERT INTO fivi_param_mpios(cod_mpio, nom_mpio, cod_depto) VALUES (47703,'SAN ZENÓN',47);
INSERT INTO fivi_param_mpios(cod_mpio, nom_mpio, cod_depto) VALUES (47707,'SANTA ANA',47);
INSERT INTO fivi_param_mpios(cod_mpio, nom_mpio, cod_depto) VALUES (47720,'SANTA BÁRBARA DE PINTO',47);
INSERT INTO fivi_param_mpios(cod_mpio, nom_mpio, cod_depto) VALUES (47745,'SITIONUEVO',47);
INSERT INTO fivi_param_mpios(cod_mpio, nom_mpio, cod_depto) VALUES (47798,'TENERIFE',47);
INSERT INTO fivi_param_mpios(cod_mpio, nom_mpio, cod_depto) VALUES (47960,'ZAPAYÁN',47);
INSERT INTO fivi_param_mpios(cod_mpio, nom_mpio, cod_depto) VALUES (47980,'ZONA BANANERA',47);
INSERT INTO fivi_param_mpios(cod_mpio, nom_mpio, cod_depto) VALUES (50001,'VILLAVICENCIO',50);
INSERT INTO fivi_param_mpios(cod_mpio, nom_mpio, cod_depto) VALUES (50006,'ACACÍAS',50);
INSERT INTO fivi_param_mpios(cod_mpio, nom_mpio, cod_depto) VALUES (50110,'BARRANCA DE UPÍA',50);
INSERT INTO fivi_param_mpios(cod_mpio, nom_mpio, cod_depto) VALUES (50124,'CABUYARO',50);
INSERT INTO fivi_param_mpios(cod_mpio, nom_mpio, cod_depto) VALUES (50150,'CASTILLA LA NUEVA',50);
INSERT INTO fivi_param_mpios(cod_mpio, nom_mpio, cod_depto) VALUES (50223,'CUBARRAL',50);
INSERT INTO fivi_param_mpios(cod_mpio, nom_mpio, cod_depto) VALUES (50226,'CUMARAL',50);
INSERT INTO fivi_param_mpios(cod_mpio, nom_mpio, cod_depto) VALUES (50245,'EL CALVARIO',50);
INSERT INTO fivi_param_mpios(cod_mpio, nom_mpio, cod_depto) VALUES (50251,'EL CASTILLO',50);
INSERT INTO fivi_param_mpios(cod_mpio, nom_mpio, cod_depto) VALUES (50270,'EL DORADO',50);
INSERT INTO fivi_param_mpios(cod_mpio, nom_mpio, cod_depto) VALUES (50287,'FUENTE DE ORO',50);
INSERT INTO fivi_param_mpios(cod_mpio, nom_mpio, cod_depto) VALUES (50313,'GRANADA',50);
INSERT INTO fivi_param_mpios(cod_mpio, nom_mpio, cod_depto) VALUES (50318,'GUAMAL',50);
INSERT INTO fivi_param_mpios(cod_mpio, nom_mpio, cod_depto) VALUES (50325,'MAPIRIPÁN',50);
INSERT INTO fivi_param_mpios(cod_mpio, nom_mpio, cod_depto) VALUES (50330,'MESETAS',50);
INSERT INTO fivi_param_mpios(cod_mpio, nom_mpio, cod_depto) VALUES (50350,'LA MACARENA',50);
INSERT INTO fivi_param_mpios(cod_mpio, nom_mpio, cod_depto) VALUES (50370,'URIBE',50);
INSERT INTO fivi_param_mpios(cod_mpio, nom_mpio, cod_depto) VALUES (50400,'LEJANÍAS',50);
INSERT INTO fivi_param_mpios(cod_mpio, nom_mpio, cod_depto) VALUES (50450,'PUERTO CONCORDIA',50);
INSERT INTO fivi_param_mpios(cod_mpio, nom_mpio, cod_depto) VALUES (50568,'PUERTO GAITÁN',50);
INSERT INTO fivi_param_mpios(cod_mpio, nom_mpio, cod_depto) VALUES (50573,'PUERTO LÓPEZ',50);
INSERT INTO fivi_param_mpios(cod_mpio, nom_mpio, cod_depto) VALUES (50577,'PUERTO LLERAS',50);
INSERT INTO fivi_param_mpios(cod_mpio, nom_mpio, cod_depto) VALUES (50590,'PUERTO RICO',50);
INSERT INTO fivi_param_mpios(cod_mpio, nom_mpio, cod_depto) VALUES (50606,'RESTREPO',50);
INSERT INTO fivi_param_mpios(cod_mpio, nom_mpio, cod_depto) VALUES (50680,'SAN CARLOS DE GUAROA',50);
INSERT INTO fivi_param_mpios(cod_mpio, nom_mpio, cod_depto) VALUES (50683,'SAN JUAN DE ARAMA',50);
INSERT INTO fivi_param_mpios(cod_mpio, nom_mpio, cod_depto) VALUES (50686,'SAN JUANITO',50);
INSERT INTO fivi_param_mpios(cod_mpio, nom_mpio, cod_depto) VALUES (50689,'SAN MARTÍN',50);
INSERT INTO fivi_param_mpios(cod_mpio, nom_mpio, cod_depto) VALUES (50711,'VISTAHERMOSA',50);
INSERT INTO fivi_param_mpios(cod_mpio, nom_mpio, cod_depto) VALUES (52001,'PASTO',52);
INSERT INTO fivi_param_mpios(cod_mpio, nom_mpio, cod_depto) VALUES (52019,'ALBÁN',52);
INSERT INTO fivi_param_mpios(cod_mpio, nom_mpio, cod_depto) VALUES (52022,'ALDANA',52);
INSERT INTO fivi_param_mpios(cod_mpio, nom_mpio, cod_depto) VALUES (52036,'ANCUYÁ',52);
INSERT INTO fivi_param_mpios(cod_mpio, nom_mpio, cod_depto) VALUES (52051,'ARBOLEDA',52);
INSERT INTO fivi_param_mpios(cod_mpio, nom_mpio, cod_depto) VALUES (52079,'BARBACOAS',52);
INSERT INTO fivi_param_mpios(cod_mpio, nom_mpio, cod_depto) VALUES (52083,'BELÉN',52);
INSERT INTO fivi_param_mpios(cod_mpio, nom_mpio, cod_depto) VALUES (52110,'BUESACO',52);
INSERT INTO fivi_param_mpios(cod_mpio, nom_mpio, cod_depto) VALUES (52203,'COLÓN',52);
INSERT INTO fivi_param_mpios(cod_mpio, nom_mpio, cod_depto) VALUES (52207,'CONSACA',52);
INSERT INTO fivi_param_mpios(cod_mpio, nom_mpio, cod_depto) VALUES (52210,'CONTADERO',52);
INSERT INTO fivi_param_mpios(cod_mpio, nom_mpio, cod_depto) VALUES (52215,'CÓRDOBA',52);
INSERT INTO fivi_param_mpios(cod_mpio, nom_mpio, cod_depto) VALUES (52224,'CUASPUD',52);
INSERT INTO fivi_param_mpios(cod_mpio, nom_mpio, cod_depto) VALUES (52227,'CUMBAL',52);
INSERT INTO fivi_param_mpios(cod_mpio, nom_mpio, cod_depto) VALUES (52233,'CUMBITARA',52);
INSERT INTO fivi_param_mpios(cod_mpio, nom_mpio, cod_depto) VALUES (52240,'CHACHAGÃœÍ',52);
INSERT INTO fivi_param_mpios(cod_mpio, nom_mpio, cod_depto) VALUES (52250,'EL CHARCO',52);
INSERT INTO fivi_param_mpios(cod_mpio, nom_mpio, cod_depto) VALUES (52254,'EL PEÑOL',52);
INSERT INTO fivi_param_mpios(cod_mpio, nom_mpio, cod_depto) VALUES (52256,'EL ROSARIO',52);
INSERT INTO fivi_param_mpios(cod_mpio, nom_mpio, cod_depto) VALUES (52258,'EL TABLÓN DE GÓMEZ',52);
INSERT INTO fivi_param_mpios(cod_mpio, nom_mpio, cod_depto) VALUES (52260,'EL TAMBO',52);
INSERT INTO fivi_param_mpios(cod_mpio, nom_mpio, cod_depto) VALUES (52287,'FUNES',52);
INSERT INTO fivi_param_mpios(cod_mpio, nom_mpio, cod_depto) VALUES (52317,'GUACHUCAL',52);
INSERT INTO fivi_param_mpios(cod_mpio, nom_mpio, cod_depto) VALUES (52320,'GUAITARILLA',52);
INSERT INTO fivi_param_mpios(cod_mpio, nom_mpio, cod_depto) VALUES (52323,'GUALMATÁN',52);
INSERT INTO fivi_param_mpios(cod_mpio, nom_mpio, cod_depto) VALUES (52352,'ILES',52);
INSERT INTO fivi_param_mpios(cod_mpio, nom_mpio, cod_depto) VALUES (52354,'IMUÉS',52);
INSERT INTO fivi_param_mpios(cod_mpio, nom_mpio, cod_depto) VALUES (52356,'IPIALES',52);
INSERT INTO fivi_param_mpios(cod_mpio, nom_mpio, cod_depto) VALUES (52378,'LA CRUZ',52);
INSERT INTO fivi_param_mpios(cod_mpio, nom_mpio, cod_depto) VALUES (52381,'LA FLORIDA',52);
INSERT INTO fivi_param_mpios(cod_mpio, nom_mpio, cod_depto) VALUES (52385,'LA LLANADA',52);
INSERT INTO fivi_param_mpios(cod_mpio, nom_mpio, cod_depto) VALUES (52390,'LA TOLA',52);
INSERT INTO fivi_param_mpios(cod_mpio, nom_mpio, cod_depto) VALUES (52399,'LA UNIÓN',52);
INSERT INTO fivi_param_mpios(cod_mpio, nom_mpio, cod_depto) VALUES (52405,'LEIVA',52);
INSERT INTO fivi_param_mpios(cod_mpio, nom_mpio, cod_depto) VALUES (52411,'LINARES',52);
INSERT INTO fivi_param_mpios(cod_mpio, nom_mpio, cod_depto) VALUES (52418,'LOS ANDES',52);
INSERT INTO fivi_param_mpios(cod_mpio, nom_mpio, cod_depto) VALUES (52427,'MAGÃœI',52);
INSERT INTO fivi_param_mpios(cod_mpio, nom_mpio, cod_depto) VALUES (52435,'MALLAMA',52);
INSERT INTO fivi_param_mpios(cod_mpio, nom_mpio, cod_depto) VALUES (52473,'MOSQUERA',52);
INSERT INTO fivi_param_mpios(cod_mpio, nom_mpio, cod_depto) VALUES (52480,'NARIÑO',52);
INSERT INTO fivi_param_mpios(cod_mpio, nom_mpio, cod_depto) VALUES (52490,'OLAYA HERRERA',52);
INSERT INTO fivi_param_mpios(cod_mpio, nom_mpio, cod_depto) VALUES (52506,'OSPINA',52);
INSERT INTO fivi_param_mpios(cod_mpio, nom_mpio, cod_depto) VALUES (52520,'FRANCISCO PIZARRO',52);
INSERT INTO fivi_param_mpios(cod_mpio, nom_mpio, cod_depto) VALUES (52540,'POLICARPA',52);
INSERT INTO fivi_param_mpios(cod_mpio, nom_mpio, cod_depto) VALUES (52560,'POTOSÍ',52);
INSERT INTO fivi_param_mpios(cod_mpio, nom_mpio, cod_depto) VALUES (52565,'PROVIDENCIA',52);
INSERT INTO fivi_param_mpios(cod_mpio, nom_mpio, cod_depto) VALUES (52573,'PUERRES',52);
INSERT INTO fivi_param_mpios(cod_mpio, nom_mpio, cod_depto) VALUES (52585,'PUPIALES',52);
INSERT INTO fivi_param_mpios(cod_mpio, nom_mpio, cod_depto) VALUES (52612,'RICAURTE',52);
INSERT INTO fivi_param_mpios(cod_mpio, nom_mpio, cod_depto) VALUES (52621,'ROBERTO PAYÁN',52);
INSERT INTO fivi_param_mpios(cod_mpio, nom_mpio, cod_depto) VALUES (52678,'SAMANIEGO',52);
INSERT INTO fivi_param_mpios(cod_mpio, nom_mpio, cod_depto) VALUES (52683,'SANDONÁ',52);
INSERT INTO fivi_param_mpios(cod_mpio, nom_mpio, cod_depto) VALUES (52685,'SAN BERNARDO',52);
INSERT INTO fivi_param_mpios(cod_mpio, nom_mpio, cod_depto) VALUES (52687,'SAN LORENZO',52);
INSERT INTO fivi_param_mpios(cod_mpio, nom_mpio, cod_depto) VALUES (52693,'SAN PABLO',52);
INSERT INTO fivi_param_mpios(cod_mpio, nom_mpio, cod_depto) VALUES (52694,'SAN PEDRO DE CARTAGO',52);
INSERT INTO fivi_param_mpios(cod_mpio, nom_mpio, cod_depto) VALUES (52696,'SANTA BÁRBARA',52);
INSERT INTO fivi_param_mpios(cod_mpio, nom_mpio, cod_depto) VALUES (52699,'SANTACRUZ',52);
INSERT INTO fivi_param_mpios(cod_mpio, nom_mpio, cod_depto) VALUES (52720,'SAPUYES',52);
INSERT INTO fivi_param_mpios(cod_mpio, nom_mpio, cod_depto) VALUES (52786,'TAMINANGO',52);
INSERT INTO fivi_param_mpios(cod_mpio, nom_mpio, cod_depto) VALUES (52788,'TANGUA',52);
INSERT INTO fivi_param_mpios(cod_mpio, nom_mpio, cod_depto) VALUES (52835,'SAN ANDRES DE TUMACO',52);
INSERT INTO fivi_param_mpios(cod_mpio, nom_mpio, cod_depto) VALUES (52838,'TÚQUERRES',52);
INSERT INTO fivi_param_mpios(cod_mpio, nom_mpio, cod_depto) VALUES (52885,'YACUANQUER',52);
INSERT INTO fivi_param_mpios(cod_mpio, nom_mpio, cod_depto) VALUES (54001,'CÚCUTA',54);
INSERT INTO fivi_param_mpios(cod_mpio, nom_mpio, cod_depto) VALUES (54003,'ABREGO',54);
INSERT INTO fivi_param_mpios(cod_mpio, nom_mpio, cod_depto) VALUES (54051,'ARBOLEDAS',54);
INSERT INTO fivi_param_mpios(cod_mpio, nom_mpio, cod_depto) VALUES (54099,'BOCHALEMA',54);
INSERT INTO fivi_param_mpios(cod_mpio, nom_mpio, cod_depto) VALUES (54109,'BUCARASICA',54);
INSERT INTO fivi_param_mpios(cod_mpio, nom_mpio, cod_depto) VALUES (54125,'CÁCOTA',54);
INSERT INTO fivi_param_mpios(cod_mpio, nom_mpio, cod_depto) VALUES (54128,'CACHIRÁ',54);
INSERT INTO fivi_param_mpios(cod_mpio, nom_mpio, cod_depto) VALUES (54172,'CHINÁCOTA',54);
INSERT INTO fivi_param_mpios(cod_mpio, nom_mpio, cod_depto) VALUES (54174,'CHITAGÁ',54);
INSERT INTO fivi_param_mpios(cod_mpio, nom_mpio, cod_depto) VALUES (54206,'CONVENCIÓN',54);
INSERT INTO fivi_param_mpios(cod_mpio, nom_mpio, cod_depto) VALUES (54223,'CUCUTILLA',54);
INSERT INTO fivi_param_mpios(cod_mpio, nom_mpio, cod_depto) VALUES (54239,'DURANIA',54);
INSERT INTO fivi_param_mpios(cod_mpio, nom_mpio, cod_depto) VALUES (54245,'EL CARMEN',54);
INSERT INTO fivi_param_mpios(cod_mpio, nom_mpio, cod_depto) VALUES (54250,'EL TARRA',54);
INSERT INTO fivi_param_mpios(cod_mpio, nom_mpio, cod_depto) VALUES (54261,'EL ZULIA',54);
INSERT INTO fivi_param_mpios(cod_mpio, nom_mpio, cod_depto) VALUES (54313,'GRAMALOTE',54);
INSERT INTO fivi_param_mpios(cod_mpio, nom_mpio, cod_depto) VALUES (54344,'HACARÍ',54);
INSERT INTO fivi_param_mpios(cod_mpio, nom_mpio, cod_depto) VALUES (54347,'HERRÁN',54);
INSERT INTO fivi_param_mpios(cod_mpio, nom_mpio, cod_depto) VALUES (54377,'LABATECA',54);
INSERT INTO fivi_param_mpios(cod_mpio, nom_mpio, cod_depto) VALUES (54385,'LA ESPERANZA',54);
INSERT INTO fivi_param_mpios(cod_mpio, nom_mpio, cod_depto) VALUES (54398,'LA PLAYA',54);
INSERT INTO fivi_param_mpios(cod_mpio, nom_mpio, cod_depto) VALUES (54405,'LOS PATIOS',54);
INSERT INTO fivi_param_mpios(cod_mpio, nom_mpio, cod_depto) VALUES (54418,'LOURDES',54);
INSERT INTO fivi_param_mpios(cod_mpio, nom_mpio, cod_depto) VALUES (54480,'MUTISCUA',54);
INSERT INTO fivi_param_mpios(cod_mpio, nom_mpio, cod_depto) VALUES (54498,'OCAÑA',54);
INSERT INTO fivi_param_mpios(cod_mpio, nom_mpio, cod_depto) VALUES (54518,'PAMPLONA',54);
INSERT INTO fivi_param_mpios(cod_mpio, nom_mpio, cod_depto) VALUES (54520,'PAMPLONITA',54);
INSERT INTO fivi_param_mpios(cod_mpio, nom_mpio, cod_depto) VALUES (54553,'PUERTO SANTANDER',54);
INSERT INTO fivi_param_mpios(cod_mpio, nom_mpio, cod_depto) VALUES (54599,'RAGONVALIA',54);
INSERT INTO fivi_param_mpios(cod_mpio, nom_mpio, cod_depto) VALUES (54660,'SALAZAR',54);
INSERT INTO fivi_param_mpios(cod_mpio, nom_mpio, cod_depto) VALUES (54670,'SAN CALIXTO',54);
INSERT INTO fivi_param_mpios(cod_mpio, nom_mpio, cod_depto) VALUES (54673,'SAN CAYETANO',54);
INSERT INTO fivi_param_mpios(cod_mpio, nom_mpio, cod_depto) VALUES (54680,'SANTIAGO',54);
INSERT INTO fivi_param_mpios(cod_mpio, nom_mpio, cod_depto) VALUES (54720,'SARDINATA',54);
INSERT INTO fivi_param_mpios(cod_mpio, nom_mpio, cod_depto) VALUES (54743,'SILOS',54);
INSERT INTO fivi_param_mpios(cod_mpio, nom_mpio, cod_depto) VALUES (54800,'TEORAMA',54);
INSERT INTO fivi_param_mpios(cod_mpio, nom_mpio, cod_depto) VALUES (54810,'TIBÚ',54);
INSERT INTO fivi_param_mpios(cod_mpio, nom_mpio, cod_depto) VALUES (54820,'TOLEDO',54);
INSERT INTO fivi_param_mpios(cod_mpio, nom_mpio, cod_depto) VALUES (54871,'VILLA CARO',54);
INSERT INTO fivi_param_mpios(cod_mpio, nom_mpio, cod_depto) VALUES (54874,'VILLA DEL ROSARIO',54);
INSERT INTO fivi_param_mpios(cod_mpio, nom_mpio, cod_depto) VALUES (63001,'ARMENIA',63);
INSERT INTO fivi_param_mpios(cod_mpio, nom_mpio, cod_depto) VALUES (63111,'BUENAVISTA',63);
INSERT INTO fivi_param_mpios(cod_mpio, nom_mpio, cod_depto) VALUES (63130,'CALARCA',63);
INSERT INTO fivi_param_mpios(cod_mpio, nom_mpio, cod_depto) VALUES (63190,'CIRCASIA',63);
INSERT INTO fivi_param_mpios(cod_mpio, nom_mpio, cod_depto) VALUES (63212,'CÓRDOBA',63);
INSERT INTO fivi_param_mpios(cod_mpio, nom_mpio, cod_depto) VALUES (63272,'FILANDIA',63);
INSERT INTO fivi_param_mpios(cod_mpio, nom_mpio, cod_depto) VALUES (63302,'GÉNOVA',63);
INSERT INTO fivi_param_mpios(cod_mpio, nom_mpio, cod_depto) VALUES (63401,'LA TEBAIDA',63);
INSERT INTO fivi_param_mpios(cod_mpio, nom_mpio, cod_depto) VALUES (63470,'MONTENEGRO',63);
INSERT INTO fivi_param_mpios(cod_mpio, nom_mpio, cod_depto) VALUES (63548,'PIJAO',63);
INSERT INTO fivi_param_mpios(cod_mpio, nom_mpio, cod_depto) VALUES (63594,'QUIMBAYA',63);
INSERT INTO fivi_param_mpios(cod_mpio, nom_mpio, cod_depto) VALUES (63690,'SALENTO',63);
INSERT INTO fivi_param_mpios(cod_mpio, nom_mpio, cod_depto) VALUES (66001,'PEREIRA',66);
INSERT INTO fivi_param_mpios(cod_mpio, nom_mpio, cod_depto) VALUES (66045,'APÍA',66);
INSERT INTO fivi_param_mpios(cod_mpio, nom_mpio, cod_depto) VALUES (66075,'BALBOA',66);
INSERT INTO fivi_param_mpios(cod_mpio, nom_mpio, cod_depto) VALUES (66088,'BELÉN DE UMBRÍA',66);
INSERT INTO fivi_param_mpios(cod_mpio, nom_mpio, cod_depto) VALUES (66170,'DOSQUEBRADAS',66);
INSERT INTO fivi_param_mpios(cod_mpio, nom_mpio, cod_depto) VALUES (66318,'GUÁTICA',66);
INSERT INTO fivi_param_mpios(cod_mpio, nom_mpio, cod_depto) VALUES (66383,'LA CELIA',66);
INSERT INTO fivi_param_mpios(cod_mpio, nom_mpio, cod_depto) VALUES (66400,'LA VIRGINIA',66);
INSERT INTO fivi_param_mpios(cod_mpio, nom_mpio, cod_depto) VALUES (66440,'MARSELLA',66);
INSERT INTO fivi_param_mpios(cod_mpio, nom_mpio, cod_depto) VALUES (66456,'MISTRATÓ',66);
INSERT INTO fivi_param_mpios(cod_mpio, nom_mpio, cod_depto) VALUES (66572,'PUEBLO RICO',66);
INSERT INTO fivi_param_mpios(cod_mpio, nom_mpio, cod_depto) VALUES (66594,'QUINCHÍA',66);
INSERT INTO fivi_param_mpios(cod_mpio, nom_mpio, cod_depto) VALUES (66682,'SANTA ROSA DE CABAL',66);
INSERT INTO fivi_param_mpios(cod_mpio, nom_mpio, cod_depto) VALUES (66687,'SANTUARIO',66);
INSERT INTO fivi_param_mpios(cod_mpio, nom_mpio, cod_depto) VALUES (68001,'BUCARAMANGA',68);
INSERT INTO fivi_param_mpios(cod_mpio, nom_mpio, cod_depto) VALUES (68013,'AGUADA',68);
INSERT INTO fivi_param_mpios(cod_mpio, nom_mpio, cod_depto) VALUES (68020,'ALBANIA',68);
INSERT INTO fivi_param_mpios(cod_mpio, nom_mpio, cod_depto) VALUES (68051,'ARATOCA',68);
INSERT INTO fivi_param_mpios(cod_mpio, nom_mpio, cod_depto) VALUES (68077,'BARBOSA',68);
INSERT INTO fivi_param_mpios(cod_mpio, nom_mpio, cod_depto) VALUES (68079,'BARICHARA',68);
INSERT INTO fivi_param_mpios(cod_mpio, nom_mpio, cod_depto) VALUES (68081,'BARRANCABERMEJA',68);
INSERT INTO fivi_param_mpios(cod_mpio, nom_mpio, cod_depto) VALUES (68092,'BETULIA',68);
INSERT INTO fivi_param_mpios(cod_mpio, nom_mpio, cod_depto) VALUES (68101,'BOLÍVAR',68);
INSERT INTO fivi_param_mpios(cod_mpio, nom_mpio, cod_depto) VALUES (68121,'CABRERA',68);
INSERT INTO fivi_param_mpios(cod_mpio, nom_mpio, cod_depto) VALUES (68132,'CALIFORNIA',68);
INSERT INTO fivi_param_mpios(cod_mpio, nom_mpio, cod_depto) VALUES (68147,'CAPITANEJO',68);
INSERT INTO fivi_param_mpios(cod_mpio, nom_mpio, cod_depto) VALUES (68152,'CARCASÍ',68);
INSERT INTO fivi_param_mpios(cod_mpio, nom_mpio, cod_depto) VALUES (68160,'CEPITÁ',68);
INSERT INTO fivi_param_mpios(cod_mpio, nom_mpio, cod_depto) VALUES (68162,'CERRITO',68);
INSERT INTO fivi_param_mpios(cod_mpio, nom_mpio, cod_depto) VALUES (68167,'CHARALÁ',68);
INSERT INTO fivi_param_mpios(cod_mpio, nom_mpio, cod_depto) VALUES (68169,'CHARTA',68);
INSERT INTO fivi_param_mpios(cod_mpio, nom_mpio, cod_depto) VALUES (68176,'CHIMA',68);
INSERT INTO fivi_param_mpios(cod_mpio, nom_mpio, cod_depto) VALUES (68179,'CHIPATÁ',68);
INSERT INTO fivi_param_mpios(cod_mpio, nom_mpio, cod_depto) VALUES (68190,'CIMITARRA',68);
INSERT INTO fivi_param_mpios(cod_mpio, nom_mpio, cod_depto) VALUES (68207,'CONCEPCIÓN',68);
INSERT INTO fivi_param_mpios(cod_mpio, nom_mpio, cod_depto) VALUES (68209,'CONFINES',68);
INSERT INTO fivi_param_mpios(cod_mpio, nom_mpio, cod_depto) VALUES (68211,'CONTRATACIÓN',68);
INSERT INTO fivi_param_mpios(cod_mpio, nom_mpio, cod_depto) VALUES (68217,'COROMORO',68);
INSERT INTO fivi_param_mpios(cod_mpio, nom_mpio, cod_depto) VALUES (68229,'CURITÍ',68);
INSERT INTO fivi_param_mpios(cod_mpio, nom_mpio, cod_depto) VALUES (68235,'EL CARMEN DE CHUCURÍ',68);
INSERT INTO fivi_param_mpios(cod_mpio, nom_mpio, cod_depto) VALUES (68245,'EL GUACAMAYO',68);
INSERT INTO fivi_param_mpios(cod_mpio, nom_mpio, cod_depto) VALUES (68250,'EL PEÑÓN',68);
INSERT INTO fivi_param_mpios(cod_mpio, nom_mpio, cod_depto) VALUES (68255,'EL PLAYÓN',68);
INSERT INTO fivi_param_mpios(cod_mpio, nom_mpio, cod_depto) VALUES (68264,'ENCINO',68);
INSERT INTO fivi_param_mpios(cod_mpio, nom_mpio, cod_depto) VALUES (68266,'ENCISO',68);
INSERT INTO fivi_param_mpios(cod_mpio, nom_mpio, cod_depto) VALUES (68271,'FLORIÁN',68);
INSERT INTO fivi_param_mpios(cod_mpio, nom_mpio, cod_depto) VALUES (68276,'FLORIDABLANCA',68);
INSERT INTO fivi_param_mpios(cod_mpio, nom_mpio, cod_depto) VALUES (68296,'GALÁN',68);
INSERT INTO fivi_param_mpios(cod_mpio, nom_mpio, cod_depto) VALUES (68298,'GAMBITA',68);
INSERT INTO fivi_param_mpios(cod_mpio, nom_mpio, cod_depto) VALUES (68307,'GIRÓN',68);
INSERT INTO fivi_param_mpios(cod_mpio, nom_mpio, cod_depto) VALUES (68318,'GUACA',68);
INSERT INTO fivi_param_mpios(cod_mpio, nom_mpio, cod_depto) VALUES (68320,'GUADALUPE',68);
INSERT INTO fivi_param_mpios(cod_mpio, nom_mpio, cod_depto) VALUES (68322,'GUAPOTÁ',68);
INSERT INTO fivi_param_mpios(cod_mpio, nom_mpio, cod_depto) VALUES (68324,'GUAVATÁ',68);
INSERT INTO fivi_param_mpios(cod_mpio, nom_mpio, cod_depto) VALUES (68327,'GUEPSA',68);
INSERT INTO fivi_param_mpios(cod_mpio, nom_mpio, cod_depto) VALUES (68344,'HATO',68);
INSERT INTO fivi_param_mpios(cod_mpio, nom_mpio, cod_depto) VALUES (68368,'JESÚS MARÍA',68);
INSERT INTO fivi_param_mpios(cod_mpio, nom_mpio, cod_depto) VALUES (68370,'JORDÁN',68);
INSERT INTO fivi_param_mpios(cod_mpio, nom_mpio, cod_depto) VALUES (68377,'LA BELLEZA',68);
INSERT INTO fivi_param_mpios(cod_mpio, nom_mpio, cod_depto) VALUES (68385,'LANDÁZURI',68);
INSERT INTO fivi_param_mpios(cod_mpio, nom_mpio, cod_depto) VALUES (68397,'LA PAZ',68);
INSERT INTO fivi_param_mpios(cod_mpio, nom_mpio, cod_depto) VALUES (68406,'LEBRIJA',68);
INSERT INTO fivi_param_mpios(cod_mpio, nom_mpio, cod_depto) VALUES (68418,'LOS SANTOS',68);
INSERT INTO fivi_param_mpios(cod_mpio, nom_mpio, cod_depto) VALUES (68425,'MACARAVITA',68);
INSERT INTO fivi_param_mpios(cod_mpio, nom_mpio, cod_depto) VALUES (68432,'MÁLAGA',68);
INSERT INTO fivi_param_mpios(cod_mpio, nom_mpio, cod_depto) VALUES (68444,'MATANZA',68);
INSERT INTO fivi_param_mpios(cod_mpio, nom_mpio, cod_depto) VALUES (68464,'MOGOTES',68);
INSERT INTO fivi_param_mpios(cod_mpio, nom_mpio, cod_depto) VALUES (68468,'MOLAGAVITA',68);
INSERT INTO fivi_param_mpios(cod_mpio, nom_mpio, cod_depto) VALUES (68498,'OCAMONTE',68);
INSERT INTO fivi_param_mpios(cod_mpio, nom_mpio, cod_depto) VALUES (68500,'OIBA',68);
INSERT INTO fivi_param_mpios(cod_mpio, nom_mpio, cod_depto) VALUES (68502,'ONZAGA',68);
INSERT INTO fivi_param_mpios(cod_mpio, nom_mpio, cod_depto) VALUES (68522,'PALMAR',68);
INSERT INTO fivi_param_mpios(cod_mpio, nom_mpio, cod_depto) VALUES (68524,'PALMAS DEL SOCORRO',68);
INSERT INTO fivi_param_mpios(cod_mpio, nom_mpio, cod_depto) VALUES (68533,'PÁRAMO',68);
INSERT INTO fivi_param_mpios(cod_mpio, nom_mpio, cod_depto) VALUES (68547,'PIEDECUESTA',68);
INSERT INTO fivi_param_mpios(cod_mpio, nom_mpio, cod_depto) VALUES (68549,'PINCHOTE',68);
INSERT INTO fivi_param_mpios(cod_mpio, nom_mpio, cod_depto) VALUES (68572,'PUENTE NACIONAL',68);
INSERT INTO fivi_param_mpios(cod_mpio, nom_mpio, cod_depto) VALUES (68573,'PUERTO PARRA',68);
INSERT INTO fivi_param_mpios(cod_mpio, nom_mpio, cod_depto) VALUES (68575,'PUERTO WILCHES',68);
INSERT INTO fivi_param_mpios(cod_mpio, nom_mpio, cod_depto) VALUES (68615,'RIONEGRO',68);
INSERT INTO fivi_param_mpios(cod_mpio, nom_mpio, cod_depto) VALUES (68655,'SABANA DE TORRES',68);
INSERT INTO fivi_param_mpios(cod_mpio, nom_mpio, cod_depto) VALUES (68669,'SAN ANDRÉS',68);
INSERT INTO fivi_param_mpios(cod_mpio, nom_mpio, cod_depto) VALUES (68673,'SAN BENITO',68);
INSERT INTO fivi_param_mpios(cod_mpio, nom_mpio, cod_depto) VALUES (68679,'SAN GIL',68);
INSERT INTO fivi_param_mpios(cod_mpio, nom_mpio, cod_depto) VALUES (68682,'SAN JOAQUÍN',68);
INSERT INTO fivi_param_mpios(cod_mpio, nom_mpio, cod_depto) VALUES (68684,'SAN JOSÉ DE MIRANDA',68);
INSERT INTO fivi_param_mpios(cod_mpio, nom_mpio, cod_depto) VALUES (68686,'SAN MIGUEL',68);
INSERT INTO fivi_param_mpios(cod_mpio, nom_mpio, cod_depto) VALUES (68689,'SAN VICENTE DE CHUCURÍ',68);
INSERT INTO fivi_param_mpios(cod_mpio, nom_mpio, cod_depto) VALUES (68705,'SANTA BÁRBARA',68);
INSERT INTO fivi_param_mpios(cod_mpio, nom_mpio, cod_depto) VALUES (68720,'SANTA HELENA DEL OPÓN',68);
INSERT INTO fivi_param_mpios(cod_mpio, nom_mpio, cod_depto) VALUES (68745,'SIMACOTA',68);
INSERT INTO fivi_param_mpios(cod_mpio, nom_mpio, cod_depto) VALUES (68755,'SOCORRO',68);
INSERT INTO fivi_param_mpios(cod_mpio, nom_mpio, cod_depto) VALUES (68770,'SUAITA',68);
INSERT INTO fivi_param_mpios(cod_mpio, nom_mpio, cod_depto) VALUES (68773,'SUCRE',68);
INSERT INTO fivi_param_mpios(cod_mpio, nom_mpio, cod_depto) VALUES (68780,'SURATÁ',68);
INSERT INTO fivi_param_mpios(cod_mpio, nom_mpio, cod_depto) VALUES (68820,'TONA',68);
INSERT INTO fivi_param_mpios(cod_mpio, nom_mpio, cod_depto) VALUES (68855,'VALLE DE SAN JOSÉ',68);
INSERT INTO fivi_param_mpios(cod_mpio, nom_mpio, cod_depto) VALUES (68861,'VÉLEZ',68);
INSERT INTO fivi_param_mpios(cod_mpio, nom_mpio, cod_depto) VALUES (68867,'VETAS',68);
INSERT INTO fivi_param_mpios(cod_mpio, nom_mpio, cod_depto) VALUES (68872,'VILLANUEVA',68);
INSERT INTO fivi_param_mpios(cod_mpio, nom_mpio, cod_depto) VALUES (68895,'ZAPATOCA',68);
INSERT INTO fivi_param_mpios(cod_mpio, nom_mpio, cod_depto) VALUES (70001,'SINCELEJO',70);
INSERT INTO fivi_param_mpios(cod_mpio, nom_mpio, cod_depto) VALUES (70110,'BUENAVISTA',70);
INSERT INTO fivi_param_mpios(cod_mpio, nom_mpio, cod_depto) VALUES (70124,'CAIMITO',70);
INSERT INTO fivi_param_mpios(cod_mpio, nom_mpio, cod_depto) VALUES (70204,'COLOSO',70);
INSERT INTO fivi_param_mpios(cod_mpio, nom_mpio, cod_depto) VALUES (70215,'COROZAL',70);
INSERT INTO fivi_param_mpios(cod_mpio,nom_mpio, cod_depto) VALUES (70221,'COVEÑAS',70);
INSERT INTO fivi_param_mpios(cod_mpio,nom_mpio, cod_depto) VALUES (70230,'CHALÁN',70);
INSERT INTO fivi_param_mpios(cod_mpio,nom_mpio, cod_depto) VALUES (70233,'EL ROBLE',70);
INSERT INTO fivi_param_mpios(cod_mpio,nom_mpio, cod_depto) VALUES (70235,'GALERAS',70);
INSERT INTO fivi_param_mpios(cod_mpio,nom_mpio, cod_depto) VALUES (70265,'GUARANDA',70);
INSERT INTO fivi_param_mpios(cod_mpio,nom_mpio, cod_depto) VALUES (70400,'LA UNIÓN',70);
INSERT INTO fivi_param_mpios(cod_mpio,nom_mpio, cod_depto) VALUES (70418,'LOS PALMITOS',70);
INSERT INTO fivi_param_mpios(cod_mpio,nom_mpio, cod_depto) VALUES (70429,'MAJAGUAL',70);
INSERT INTO fivi_param_mpios(cod_mpio,nom_mpio, cod_depto) VALUES (70473,'MORROA',70);
INSERT INTO fivi_param_mpios(cod_mpio,nom_mpio, cod_depto) VALUES (70508,'OVEJAS',70);
INSERT INTO fivi_param_mpios(cod_mpio,nom_mpio, cod_depto) VALUES (70523,'PALMITO',70);
INSERT INTO fivi_param_mpios(cod_mpio,nom_mpio, cod_depto) VALUES (70670,'SAMPUÉS',70);
INSERT INTO fivi_param_mpios(cod_mpio,nom_mpio, cod_depto) VALUES (70678,'SAN BENITO ABAD',70);
INSERT INTO fivi_param_mpios(cod_mpio,nom_mpio, cod_depto) VALUES (70702,'SAN JUAN DE BETULIA',70);
INSERT INTO fivi_param_mpios(cod_mpio,nom_mpio, cod_depto) VALUES (70708,'SAN MARCOS',70);
INSERT INTO fivi_param_mpios(cod_mpio,nom_mpio, cod_depto) VALUES (70713,'SAN ONOFRE',70);
INSERT INTO fivi_param_mpios(cod_mpio,nom_mpio, cod_depto) VALUES (70717,'SAN PEDRO',70);
INSERT INTO fivi_param_mpios(cod_mpio,nom_mpio, cod_depto) VALUES (70742,'SAN LUIS DE SINCÉ',70);
INSERT INTO fivi_param_mpios(cod_mpio,nom_mpio, cod_depto) VALUES (70771,'SUCRE',70);
INSERT INTO fivi_param_mpios(cod_mpio,nom_mpio, cod_depto) VALUES (70820,'SANTIAGO DE TOLÚ',70);
INSERT INTO fivi_param_mpios(cod_mpio,nom_mpio, cod_depto) VALUES (70823,'TOLÚ VIEJO',70);
INSERT INTO fivi_param_mpios(cod_mpio,nom_mpio, cod_depto) VALUES (73001,'IBAGUÉ',73);
INSERT INTO fivi_param_mpios(cod_mpio,nom_mpio, cod_depto) VALUES (73024,'ALPUJARRA',73);
INSERT INTO fivi_param_mpios(cod_mpio,nom_mpio, cod_depto) VALUES (73026,'ALVARADO',73);
INSERT INTO fivi_param_mpios(cod_mpio,nom_mpio, cod_depto) VALUES (73030,'AMBALEMA',73);
INSERT INTO fivi_param_mpios(cod_mpio,nom_mpio, cod_depto) VALUES (73043,'ANZOÁTEGUI',73);
INSERT INTO fivi_param_mpios(cod_mpio,nom_mpio, cod_depto) VALUES (73055,'ARMERO',73);
INSERT INTO fivi_param_mpios(cod_mpio,nom_mpio, cod_depto) VALUES (73067,'ATACO',73);
INSERT INTO fivi_param_mpios(cod_mpio,nom_mpio, cod_depto) VALUES (73124,'CAJAMARCA',73);
INSERT INTO fivi_param_mpios(cod_mpio,nom_mpio, cod_depto) VALUES (73148,'CARMEN DE APICALÁ',73);
INSERT INTO fivi_param_mpios(cod_mpio,nom_mpio, cod_depto) VALUES (73152,'CASABIANCA',73);
INSERT INTO fivi_param_mpios(cod_mpio,nom_mpio, cod_depto) VALUES (73168,'CHAPARRAL',73);
INSERT INTO fivi_param_mpios(cod_mpio,nom_mpio, cod_depto) VALUES (73200,'COELLO',73);
INSERT INTO fivi_param_mpios(cod_mpio,nom_mpio, cod_depto) VALUES (73217,'COYAIMA',73);
INSERT INTO fivi_param_mpios(cod_mpio,nom_mpio, cod_depto) VALUES (73226,'CUNDAY',73);
INSERT INTO fivi_param_mpios(cod_mpio,nom_mpio, cod_depto) VALUES (73236,'DOLORES',73);
INSERT INTO fivi_param_mpios(cod_mpio,nom_mpio, cod_depto) VALUES (73268,'ESPINAL',73);
INSERT INTO fivi_param_mpios(cod_mpio,nom_mpio, cod_depto) VALUES (73270,'FALAN',73);
INSERT INTO fivi_param_mpios(cod_mpio,nom_mpio, cod_depto) VALUES (73275,'FLANDES',73);
INSERT INTO fivi_param_mpios(cod_mpio,nom_mpio, cod_depto) VALUES (73283,'FRESNO',73);
INSERT INTO fivi_param_mpios(cod_mpio,nom_mpio, cod_depto) VALUES (73319,'GUAMO',73);
INSERT INTO fivi_param_mpios(cod_mpio,nom_mpio, cod_depto) VALUES (73347,'HERVEO',73);
INSERT INTO fivi_param_mpios(cod_mpio,nom_mpio, cod_depto) VALUES (73349,'HONDA',73);
INSERT INTO fivi_param_mpios(cod_mpio,nom_mpio, cod_depto) VALUES (73352,'ICONONZO',73);
INSERT INTO fivi_param_mpios(cod_mpio,nom_mpio, cod_depto) VALUES (73408,'LÉRIDA',73);
INSERT INTO fivi_param_mpios(cod_mpio,nom_mpio, cod_depto) VALUES (73411,'LÍBANO',73);
INSERT INTO fivi_param_mpios(cod_mpio,nom_mpio, cod_depto) VALUES (73443,'SAN SEBASTIÁN DE MARIQUITA',73);
INSERT INTO fivi_param_mpios(cod_mpio,nom_mpio, cod_depto) VALUES (73449,'MELGAR',73);
INSERT INTO fivi_param_mpios(cod_mpio,nom_mpio, cod_depto) VALUES (73461,'MURILLO',73);
INSERT INTO fivi_param_mpios(cod_mpio,nom_mpio, cod_depto) VALUES (73483,'NATAGAIMA',73);
INSERT INTO fivi_param_mpios(cod_mpio,nom_mpio, cod_depto) VALUES (73504,'ORTEGA',73);
INSERT INTO fivi_param_mpios(cod_mpio,nom_mpio, cod_depto) VALUES (73520,'PALOCABILDO',73);
INSERT INTO fivi_param_mpios(cod_mpio,nom_mpio, cod_depto) VALUES (73547,'PIEDRAS',73);
INSERT INTO fivi_param_mpios(cod_mpio,nom_mpio, cod_depto) VALUES (73555,'PLANADAS',73);
INSERT INTO fivi_param_mpios(cod_mpio,nom_mpio, cod_depto) VALUES (73563,'PRADO',73);
INSERT INTO fivi_param_mpios(cod_mpio,nom_mpio, cod_depto) VALUES (73585,'PURIFICACIÓN',73);
INSERT INTO fivi_param_mpios(cod_mpio,nom_mpio, cod_depto) VALUES (73616,'RIOBLANCO',73);
INSERT INTO fivi_param_mpios(cod_mpio,nom_mpio, cod_depto) VALUES (73622,'RONCESVALLES',73);
INSERT INTO fivi_param_mpios(cod_mpio,nom_mpio, cod_depto) VALUES (73624,'ROVIRA',73);
INSERT INTO fivi_param_mpios(cod_mpio,nom_mpio, cod_depto) VALUES (73671,'SALDAÑA',73);
INSERT INTO fivi_param_mpios(cod_mpio,nom_mpio, cod_depto) VALUES (73675,'SAN ANTONIO',73);
INSERT INTO fivi_param_mpios(cod_mpio,nom_mpio, cod_depto) VALUES (73678,'SAN LUIS',73);
INSERT INTO fivi_param_mpios(cod_mpio,nom_mpio, cod_depto) VALUES (73686,'SANTA ISABEL',73);
INSERT INTO fivi_param_mpios(cod_mpio,nom_mpio, cod_depto) VALUES (73770,'SUÁREZ',73);
INSERT INTO fivi_param_mpios(cod_mpio,nom_mpio, cod_depto) VALUES (73854,'VALLE DE SAN JUAN',73);
INSERT INTO fivi_param_mpios(cod_mpio,nom_mpio, cod_depto) VALUES (73861,'VENADILLO',73);
INSERT INTO fivi_param_mpios(cod_mpio,nom_mpio, cod_depto) VALUES (73870,'VILLAHERMOSA',73);
INSERT INTO fivi_param_mpios(cod_mpio,nom_mpio, cod_depto) VALUES (73873,'VILLARRICA',73);
INSERT INTO fivi_param_mpios(cod_mpio,nom_mpio, cod_depto) VALUES (76001,'CALI',76);
INSERT INTO fivi_param_mpios(cod_mpio,nom_mpio, cod_depto) VALUES (76020,'ALCALÁ',76);
INSERT INTO fivi_param_mpios(cod_mpio,nom_mpio, cod_depto) VALUES (76036,'ANDALUCÍA',76);
INSERT INTO fivi_param_mpios(cod_mpio,nom_mpio, cod_depto) VALUES (76041,'ANSERMANUEVO',76);
INSERT INTO fivi_param_mpios(cod_mpio,nom_mpio, cod_depto) VALUES (76054,'ARGELIA',76);
INSERT INTO fivi_param_mpios(cod_mpio,nom_mpio, cod_depto) VALUES (76100,'BOLÍVAR',76);
INSERT INTO fivi_param_mpios(cod_mpio,nom_mpio, cod_depto) VALUES (76109,'BUENAVENTURA',76);
INSERT INTO fivi_param_mpios(cod_mpio,nom_mpio, cod_depto) VALUES (76111,'GUADALAJARA DE BUGA',76);
INSERT INTO fivi_param_mpios(cod_mpio,nom_mpio, cod_depto) VALUES (76113,'BUGALAGRANDE',76);
INSERT INTO fivi_param_mpios(cod_mpio,nom_mpio, cod_depto) VALUES (76122,'CAICEDONIA',76);
INSERT INTO fivi_param_mpios(cod_mpio,nom_mpio, cod_depto) VALUES (76126,'CALIMA',76);
INSERT INTO fivi_param_mpios(cod_mpio,nom_mpio, cod_depto) VALUES (76130,'CANDELARIA',76);
INSERT INTO fivi_param_mpios(cod_mpio,nom_mpio, cod_depto) VALUES (76147,'CARTAGO',76);
INSERT INTO fivi_param_mpios(cod_mpio,nom_mpio, cod_depto) VALUES (76233,'DAGUA',76);
INSERT INTO fivi_param_mpios(cod_mpio,nom_mpio, cod_depto) VALUES (76243,'EL ÁGUILA',76);
INSERT INTO fivi_param_mpios(cod_mpio,nom_mpio, cod_depto) VALUES (76246,'EL CAIRO',76);
INSERT INTO fivi_param_mpios(cod_mpio,nom_mpio, cod_depto) VALUES (76248,'EL CERRITO',76);
INSERT INTO fivi_param_mpios(cod_mpio,nom_mpio, cod_depto) VALUES (76250,'EL DOVIO',76);
INSERT INTO fivi_param_mpios(cod_mpio,nom_mpio, cod_depto) VALUES (76275,'FLORIDA',76);
INSERT INTO fivi_param_mpios(cod_mpio,nom_mpio, cod_depto) VALUES (76306,'GINEBRA',76);
INSERT INTO fivi_param_mpios(cod_mpio,nom_mpio, cod_depto) VALUES (76318,'GUACARÍ',76);
INSERT INTO fivi_param_mpios(cod_mpio,nom_mpio, cod_depto) VALUES (76364,'JAMUNDÍ',76);
INSERT INTO fivi_param_mpios(cod_mpio,nom_mpio, cod_depto) VALUES (76377,'LA CUMBRE',76);
INSERT INTO fivi_param_mpios(cod_mpio,nom_mpio, cod_depto) VALUES (76400,'LA UNIÓN',76);
INSERT INTO fivi_param_mpios(cod_mpio,nom_mpio, cod_depto) VALUES (76403,'LA VICTORIA',76);
INSERT INTO fivi_param_mpios(cod_mpio,nom_mpio, cod_depto) VALUES (76497,'OBANDO',76);
INSERT INTO fivi_param_mpios(cod_mpio,nom_mpio, cod_depto) VALUES (76520,'PALMIRA',76);
INSERT INTO fivi_param_mpios(cod_mpio,nom_mpio, cod_depto) VALUES (76563,'PRADERA',76);
INSERT INTO fivi_param_mpios(cod_mpio,nom_mpio, cod_depto) VALUES (76606,'RESTREPO',76);
INSERT INTO fivi_param_mpios(cod_mpio,nom_mpio, cod_depto) VALUES (76616,'RIOFRÍO',76);
INSERT INTO fivi_param_mpios(cod_mpio,nom_mpio, cod_depto) VALUES (76622,'ROLDANILLO',76);
INSERT INTO fivi_param_mpios(cod_mpio,nom_mpio, cod_depto) VALUES (76670,'SAN PEDRO',76);
INSERT INTO fivi_param_mpios(cod_mpio,nom_mpio, cod_depto) VALUES (76736,'SEVILLA',76);
INSERT INTO fivi_param_mpios(cod_mpio,nom_mpio, cod_depto) VALUES (76823,'TORO',76);
INSERT INTO fivi_param_mpios(cod_mpio,nom_mpio, cod_depto) VALUES (76828,'TRUJILLO',76);
INSERT INTO fivi_param_mpios(cod_mpio,nom_mpio, cod_depto) VALUES (76834,'TULUÁ',76);
INSERT INTO fivi_param_mpios(cod_mpio,nom_mpio, cod_depto) VALUES (76845,'ULLOA',76);
INSERT INTO fivi_param_mpios(cod_mpio,nom_mpio, cod_depto) VALUES (76863,'VERSALLES',76);
INSERT INTO fivi_param_mpios(cod_mpio,nom_mpio, cod_depto) VALUES (76869,'VIJES',76);
INSERT INTO fivi_param_mpios(cod_mpio,nom_mpio, cod_depto) VALUES (76890,'YOTOCO',76);
INSERT INTO fivi_param_mpios(cod_mpio,nom_mpio, cod_depto) VALUES (76892,'YUMBO',76);
INSERT INTO fivi_param_mpios(cod_mpio,nom_mpio, cod_depto) VALUES (76895,'ZARZAL',76);
INSERT INTO fivi_param_mpios(cod_mpio,nom_mpio, cod_depto) VALUES (81001,'ARAUCA',81);
INSERT INTO fivi_param_mpios(cod_mpio,nom_mpio, cod_depto) VALUES (81065,'ARAUQUITA',81);
INSERT INTO fivi_param_mpios(cod_mpio,nom_mpio, cod_depto) VALUES (81220,'CRAVO NORTE',81);
INSERT INTO fivi_param_mpios(cod_mpio,nom_mpio, cod_depto) VALUES (81300,'FORTUL',81);
INSERT INTO fivi_param_mpios(cod_mpio,nom_mpio, cod_depto) VALUES (81591,'PUERTO RONDÓN',81);
INSERT INTO fivi_param_mpios(cod_mpio,nom_mpio, cod_depto) VALUES (81736,'SARAVENA',81);
INSERT INTO fivi_param_mpios(cod_mpio,nom_mpio, cod_depto) VALUES (81794,'TAME',81);
INSERT INTO fivi_param_mpios(cod_mpio,nom_mpio, cod_depto) VALUES (85001,'YOPAL',85);
INSERT INTO fivi_param_mpios(cod_mpio,nom_mpio, cod_depto) VALUES (85010,'AGUAZUL',85);
INSERT INTO fivi_param_mpios(cod_mpio,nom_mpio, cod_depto) VALUES (85015,'CHAMEZA',85);
INSERT INTO fivi_param_mpios(cod_mpio,nom_mpio, cod_depto) VALUES (85125,'HATO COROZAL',85);
INSERT INTO fivi_param_mpios(cod_mpio,nom_mpio, cod_depto) VALUES (85136,'LA SALINA',85);
INSERT INTO fivi_param_mpios(cod_mpio,nom_mpio, cod_depto) VALUES (85139,'MANÍ',85);
INSERT INTO fivi_param_mpios(cod_mpio,nom_mpio, cod_depto) VALUES (85162,'MONTERREY',85);
INSERT INTO fivi_param_mpios(cod_mpio,nom_mpio, cod_depto) VALUES (85225,'NUNCHÍA',85);
INSERT INTO fivi_param_mpios(cod_mpio,nom_mpio, cod_depto) VALUES (85230,'OROCUÉ',85);
INSERT INTO fivi_param_mpios(cod_mpio,nom_mpio, cod_depto) VALUES (85250,'PAZ DE ARIPORO',85);
INSERT INTO fivi_param_mpios(cod_mpio,nom_mpio, cod_depto) VALUES (85263,'PORE',85);
INSERT INTO fivi_param_mpios(cod_mpio,nom_mpio, cod_depto) VALUES (85279,'RECETOR',85);
INSERT INTO fivi_param_mpios(cod_mpio,nom_mpio, cod_depto) VALUES (85300,'SABANALARGA',85);
INSERT INTO fivi_param_mpios(cod_mpio,nom_mpio, cod_depto) VALUES (85315,'SÁCAMA',85);
INSERT INTO fivi_param_mpios(cod_mpio,nom_mpio, cod_depto) VALUES (85325,'SAN LUIS DE PALENQUE',85);
INSERT INTO fivi_param_mpios(cod_mpio,nom_mpio, cod_depto) VALUES (85400,'TÁMARA',85);
INSERT INTO fivi_param_mpios(cod_mpio,nom_mpio, cod_depto) VALUES (85410,'TAURAMENA',85);
INSERT INTO fivi_param_mpios(cod_mpio,nom_mpio, cod_depto) VALUES (85430,'TRINIDAD',85);
INSERT INTO fivi_param_mpios(cod_mpio,nom_mpio, cod_depto) VALUES (85440,'VILLANUEVA',85);
INSERT INTO fivi_param_mpios(cod_mpio,nom_mpio, cod_depto) VALUES (86001,'MOCOA',86);
INSERT INTO fivi_param_mpios(cod_mpio,nom_mpio, cod_depto) VALUES (86219,'COLÓN',86);
INSERT INTO fivi_param_mpios(cod_mpio,nom_mpio, cod_depto) VALUES (86320,'ORITO',86);
INSERT INTO fivi_param_mpios(cod_mpio,nom_mpio, cod_depto) VALUES (86568,'PUERTO ASÍS',86);
INSERT INTO fivi_param_mpios(cod_mpio,nom_mpio, cod_depto) VALUES (86569,'PUERTO CAICEDO',86);
INSERT INTO fivi_param_mpios(cod_mpio,nom_mpio, cod_depto) VALUES (86571,'PUERTO GUZMÁN',86);
INSERT INTO fivi_param_mpios(cod_mpio,nom_mpio, cod_depto) VALUES (86573,'PUERTO LEGUÍZAMO',86);
INSERT INTO fivi_param_mpios(cod_mpio,nom_mpio, cod_depto) VALUES (86749,'SIBUNDOY',86);
INSERT INTO fivi_param_mpios(cod_mpio,nom_mpio, cod_depto) VALUES (86755,'SAN FRANCISCO',86);
INSERT INTO fivi_param_mpios(cod_mpio,nom_mpio, cod_depto) VALUES (86757,'SAN MIGUEL',86);
INSERT INTO fivi_param_mpios(cod_mpio,nom_mpio, cod_depto) VALUES (86760,'SANTIAGO',86);
INSERT INTO fivi_param_mpios(cod_mpio,nom_mpio, cod_depto) VALUES (86865,'VALLE DEL GUAMUEZ',86);
INSERT INTO fivi_param_mpios(cod_mpio,nom_mpio, cod_depto) VALUES (86885,'VILLAGARZÓN',86);
INSERT INTO fivi_param_mpios(cod_mpio,nom_mpio, cod_depto) VALUES (88001,'SAN ANDRÉS',88);
INSERT INTO fivi_param_mpios(cod_mpio,nom_mpio, cod_depto) VALUES (88564,'PROVIDENCIA',88);
INSERT INTO fivi_param_mpios(cod_mpio,nom_mpio, cod_depto) VALUES (91001,'LETICIA',91);
INSERT INTO fivi_param_mpios(cod_mpio,nom_mpio, cod_depto) VALUES (91263,'EL ENCANTO',91);
INSERT INTO fivi_param_mpios(cod_mpio,nom_mpio, cod_depto) VALUES (91405,'LA CHORRERA',91);
INSERT INTO fivi_param_mpios(cod_mpio,nom_mpio, cod_depto) VALUES (91407,'LA PEDRERA',91);
INSERT INTO fivi_param_mpios(cod_mpio,nom_mpio, cod_depto) VALUES (91430,'LA VICTORIA',91);
INSERT INTO fivi_param_mpios(cod_mpio,nom_mpio, cod_depto) VALUES (91460,'MIRITI - PARANÁ',91);
INSERT INTO fivi_param_mpios(cod_mpio,nom_mpio, cod_depto) VALUES (91530,'PUERTO ALEGRÍA',91);
INSERT INTO fivi_param_mpios(cod_mpio,nom_mpio, cod_depto) VALUES (91536,'PUERTO ARICA',91);
INSERT INTO fivi_param_mpios(cod_mpio,nom_mpio, cod_depto) VALUES (91540,'PUERTO NARIÑO',91);
INSERT INTO fivi_param_mpios(cod_mpio,nom_mpio, cod_depto) VALUES (91669,'PUERTO SANTANDER',91);
INSERT INTO fivi_param_mpios(cod_mpio,nom_mpio, cod_depto) VALUES (91798,'TARAPACÁ',91);
INSERT INTO fivi_param_mpios(cod_mpio,nom_mpio, cod_depto) VALUES (94001,'INÍRIDA',94);
INSERT INTO fivi_param_mpios(cod_mpio,nom_mpio, cod_depto) VALUES (94343,'BARRANCO MINAS',94);
INSERT INTO fivi_param_mpios(cod_mpio,nom_mpio, cod_depto) VALUES (94663,'MAPIRIPANA',94);
INSERT INTO fivi_param_mpios(cod_mpio,nom_mpio, cod_depto) VALUES (94883,'SAN FELIPE',94);
INSERT INTO fivi_param_mpios(cod_mpio,nom_mpio, cod_depto) VALUES (94884,'PUERTO COLOMBIA',94);
INSERT INTO fivi_param_mpios(cod_mpio,nom_mpio, cod_depto) VALUES (94885,'LA GUADALUPE',94);
INSERT INTO fivi_param_mpios(cod_mpio,nom_mpio, cod_depto) VALUES (94886,'CACAHUAL',94);
INSERT INTO fivi_param_mpios(cod_mpio,nom_mpio, cod_depto) VALUES (94887,'PANA PANA',94);
INSERT INTO fivi_param_mpios(cod_mpio,nom_mpio, cod_depto) VALUES (94888,'MORICHAL',94);
INSERT INTO fivi_param_mpios(cod_mpio,nom_mpio, cod_depto) VALUES (95001,'SAN JOSÉ DEL GUAVIARE',95);
INSERT INTO fivi_param_mpios(cod_mpio,nom_mpio, cod_depto) VALUES (95015,'CALAMAR',95);
INSERT INTO fivi_param_mpios(cod_mpio,nom_mpio, cod_depto) VALUES (95025,'EL RETORNO',95);
INSERT INTO fivi_param_mpios(cod_mpio,nom_mpio, cod_depto) VALUES (95200,'MIRAFLORES',95);
INSERT INTO fivi_param_mpios(cod_mpio,nom_mpio, cod_depto) VALUES (97001,'MITÚ',97);
INSERT INTO fivi_param_mpios(cod_mpio,nom_mpio, cod_depto) VALUES (97161,'CARURU',97);
INSERT INTO fivi_param_mpios(cod_mpio,nom_mpio, cod_depto) VALUES (97511,'PACOA',97);
INSERT INTO fivi_param_mpios(cod_mpio,nom_mpio, cod_depto) VALUES (97666,'TARAIRA',97);
INSERT INTO fivi_param_mpios(cod_mpio,nom_mpio, cod_depto) VALUES (97777,'PAPUNAUA',97);
INSERT INTO fivi_param_mpios(cod_mpio,nom_mpio, cod_depto) VALUES (97889,'YAVARATÉ',97);
INSERT INTO fivi_param_mpios(cod_mpio,nom_mpio, cod_depto) VALUES (99001,'PUERTO CARREÑO',99);
INSERT INTO fivi_param_mpios(cod_mpio,nom_mpio, cod_depto) VALUES (99524,'LA PRIMAVERA',99);
INSERT INTO fivi_param_mpios(cod_mpio,nom_mpio, cod_depto) VALUES (99624,'SANTA ROSALÍA',99);
INSERT INTO fivi_param_mpios(cod_mpio,nom_mpio, cod_depto) VALUES (99773,'CUMARIBO',99);

-- TABLA: tabla fivi_param_destcred;
-- Contiene el listado de destinos de credito
TRUNCATE TABLE fivi_param_destcred;
INSERT INTO fivi_param_destcred(cod_descre,nom_descre) VALUES (1,'Habitacional');
INSERT INTO fivi_param_destcred(cod_descre,nom_descre) VALUES (2,'No Habitacional');

-- TABLA: tabla fivi_param_destino;
-- Contiene el listado de destinos
TRUNCATE TABLE fivi_param_destino;
INSERT INTO fivi_param_destino(cod_destino,nom_destino) VALUES (1,'Apartamento');
INSERT INTO fivi_param_destino(cod_destino,nom_destino) VALUES (2,'Casa');

-- TABLA: tabla fivi_param_modalidad
-- Contiene el listado de modalidades
TRUNCATE TABLE fivi_param_modalidad;
INSERT INTO fivi_param_modalidad(cod_modal,nom_modal) VALUES (1,'Compra');
INSERT INTO fivi_param_modalidad(cod_modal,nom_modal) VALUES (2,'Construcción en sitio propio');

-- TABLA: tabla fivi_param_moneda
-- Contiene el listado de moneda
TRUNCATE TABLE fivi_param_moneda;
INSERT INTO fivi_param_moneda(cod_moneda,nom_moneda) VALUES (1,'Pesos');
INSERT INTO fivi_param_moneda(cod_moneda,nom_moneda) VALUES (2,'UVR');

-- TABLA: tabla fivi_param_nivsuperv
-- Contiene el listado de niveles de supervision
TRUNCATE TABLE fivi_param_nivsuperv;
INSERT INTO fivi_param_nivsuperv(cod_nivsup,nom_nivsup) VALUES (1,'Trimestral');
INSERT INTO fivi_param_nivsuperv(cod_nivsup,nom_nivsup) VALUES (2,'Semestral');
INSERT INTO fivi_param_nivsuperv(cod_nivsup,nom_nivsup) VALUES (3,'Anual');

-- TABLA: tabla fivi_param_opefin
-- Contiene el listado de las operaciones financieras
TRUNCATE TABLE fivi_param_opefin;
INSERT INTO fivi_param_opefin(cod_opefin,nom_opefin) VALUES (1,'Operaciones a constructores');
INSERT INTO fivi_param_opefin(cod_opefin,nom_opefin) VALUES (2,'Creditos Individuales');
INSERT INTO fivi_param_opefin(cod_opefin,nom_opefin) VALUES (3,'Subrogaciones');

-- TABLA: tabla fivi_param_ranviv
-- Contiene el listado de los rangos de vivienda
TRUNCATE TABLE fivi_param_ranviv;
INSERT INTO fivi_param_ranviv(cod_ranviv,nom_ranviv) VALUES (1,'De 0 a 50 SMLMV');
INSERT INTO fivi_param_ranviv(cod_ranviv,nom_ranviv) VALUES (2,'De 51 a 70 SMLMV');
INSERT INTO fivi_param_ranviv(cod_ranviv,nom_ranviv) VALUES (3,'De 71 a 135 SMLMV');
INSERT INTO fivi_param_ranviv(cod_ranviv,nom_ranviv) VALUES (4,'De 136 a 170 SMLMV');
INSERT INTO fivi_param_ranviv(cod_ranviv,nom_ranviv) VALUES (5,'De 171 a 235 SMLMV');
INSERT INTO fivi_param_ranviv(cod_ranviv,nom_ranviv) VALUES (6,'Mas de 235 SMLMV');

-- TABLA: tabla fivi_param_sfvestado
-- Contiene el listado de los estados de subsidio SFV
TRUNCATE TABLE fivi_param_sfvestado;
INSERT INTO fivi_param_sfvestado(cod_sfvestado, nom_sfvestado) VALUES (1,'Asignado');
INSERT INTO fivi_param_sfvestado(cod_sfvestado, nom_sfvestado) VALUES (2,'Desembolsado');

-- TABLA: tabla fivi_param_sfvmodal
-- Contiene el listado de las modalidades de subsidio SFV
TRUNCATE TABLE fivi_param_sfvmodal;
INSERT INTO fivi_param_sfvmodal(cod_sfvmodal, nom_sfvmodal) VALUES (1,'Compra');
INSERT INTO fivi_param_sfvmodal(cod_sfvmodal, nom_sfvmodal) VALUES (2,'Construcción en sitio propio');
INSERT INTO fivi_param_sfvmodal(cod_sfvmodal, nom_sfvmodal) VALUES (3,'Mejora');

-- TABLA: tabla fivi_param_sfvransub
-- Contiene el listado de los rangos de subsidio SFV
TRUNCATE TABLE fivi_param_sfvransub;
INSERT INTO fivi_param_sfvransub(cod_sfvransub, nom_sfvransub) VALUES (1,'4 SMMLV');
INSERT INTO fivi_param_sfvransub(cod_sfvransub, nom_sfvransub) VALUES (2,'9 SMMLV');
INSERT INTO fivi_param_sfvransub(cod_sfvransub, nom_sfvransub) VALUES (3,'13 SMMLV');
INSERT INTO fivi_param_sfvransub(cod_sfvransub, nom_sfvransub) VALUES (4,'15 SMMLV');
INSERT INTO fivi_param_sfvransub(cod_sfvransub, nom_sfvransub) VALUES (5,'17 SMMLV');
INSERT INTO fivi_param_sfvransub(cod_sfvransub, nom_sfvransub) VALUES (6,'19 SMMLV');
INSERT INTO fivi_param_sfvransub(cod_sfvransub, nom_sfvransub) VALUES (7,'21 SMMLV');
INSERT INTO fivi_param_sfvransub(cod_sfvransub, nom_sfvransub) VALUES (8,'21.5 SMMLV');
INSERT INTO fivi_param_sfvransub(cod_sfvransub, nom_sfvransub) VALUES (9,'22 SMMLV');

-- Activar nuevamente la integridad referencial
SET FOREIGN_KEY_CHECKS=1;